/*
Navicat MySQL Data Transfer

Source Server         : wall
Source Server Version : 50520
Source Host           : 127.0.0.1:3306
Source Database       : wall

Target Server Type    : MYSQL
Target Server Version : 50520
File Encoding         : 65001

Date: 2015-09-06 19:27:09
*/

SET FOREIGN_KEY_CHECKS=0;

-- ----------------------------
-- Table structure for address
-- ----------------------------
DROP TABLE IF EXISTS `address`;
CREATE TABLE `address` (
`id`  int(11) NOT NULL AUTO_INCREMENT ,
`userID`  int(11) NOT NULL ,
`mobile`  varchar(11) CHARACTER SET utf8 COLLATE utf8_persian_ci NOT NULL ,
`phone`  varchar(11) CHARACTER SET utf8 COLLATE utf8_persian_ci NULL DEFAULT NULL ,
`address`  varchar(120) CHARACTER SET utf8 COLLATE utf8_persian_ci NULL DEFAULT NULL ,
PRIMARY KEY (`id`)
)
ENGINE=InnoDB
DEFAULT CHARACTER SET=utf8 COLLATE=utf8_persian_ci
AUTO_INCREMENT=76

;

-- ----------------------------
-- Records of address
-- ----------------------------
BEGIN;
INSERT INTO `address` VALUES ('1', '9', '35465465465', '65465465465', 'آدرس'), ('2', '11', '35465465465', '65465465465', 'آدرس'), ('3', '12', '35465465465', '65465465465', 'آدرس'), ('4', '13', '35465465465', '65465465465', 'آدرس'), ('5', '14', '35465465465', '65465465465', 'آدرس'), ('6', '15', '35465465465', '65465465465', 'آدرس'), ('7', '16', '35465465465', '65465465465', 'آدرس'), ('8', '17', '35465465465', '65465465465', 'آدرس'), ('9', '18', '35465465465', '65465465465', 'آدرس'), ('10', '19', '35465465465', '65465465465', 'آدرس'), ('11', '20', '65465465465', '54654654654', 'آدرس'), ('12', '22', '32132131232', '32132132132', 'آدرس'), ('13', '23', '65465465465', '32165462432', 'آدرس'), ('14', '25', '54645654654', '65464565465', 'آدرس'), ('15', '27', '65432465465', '654987', 'آدرس'), ('16', '28', '65432465465', '654987', 'آدرس'), ('17', '30', '09111111111', '0000000000', 'آدرس علی قفاری'), ('18', '31', '09111111111', '0000000000', 'آدرس علی قفاری'), ('19', '34', '6546', '3213', 'آدرس'), ('20', '35', '654654', '321321', 'آدرس'), ('21', '36', '321312', '1321', 'آدرس'), ('22', '37', '654654', '321312', 'آدرس'), ('23', '47', '65', '65', 'آدرس'), ('24', '48', '1', '2', 'آدرس'), ('25', '49', '654', '321', 'آدرس'), ('26', '50', '654', '654', 'آدرس'), ('27', '51', '321', '321', 'آدرس'), ('28', '52', '654', '654', 'آدرس'), ('29', '53', '66', '66', 'آدرس'), ('30', '54', 'asda', 'asdad', 'آدرس'), ('31', '55', 'asda', 'asdad', 'آدرس'), ('32', '56', '645', '321', 'آدرس'), ('33', '57', '645', '321', 'آدرس'), ('34', '62', '1', '2', 'آدرس'), ('35', '64', '1', '1', 'آدرس'), ('36', '65', '456', '456', 'آدرس'), ('37', '66', '654', '654', 'آدرس'), ('38', '67', 'ra', 'ra', 'آدرس'), ('39', '68', '654456', '456654', 'آدرس'), ('40', '70', '09353040098', '08112626081', 'همدان، همدان، شهرک امیرکبیر'), ('41', '86', '09353040097', '77777777777', 'آدرس منزل من '), ('42', '117', '09353040098', '09353040098', 'همدانهمدانجدید'), ('43', '118', '09353040098', '09353040098', 'تهران، تهران، ایرانشهر'), ('44', '122', '35465465465', '35465465465', 'کردستان، کردستان، سقز'), ('45', '123', '35465465465', '35465465465', 'همدان-همدان، شاگرد رضا'), ('46', '124', '09353040098', '08132626081', 'آدرس کامل شاگرد رضا این است'), ('47', '125', '09358205850', '65463546853', 'همدان، شهرک امیرکبیر، ...'), ('48', '126', '65465465465', '8132626081', 'اصفهان، اصفهان، اصفهان.'), ('49', '127', '12346598564', '12346598564', 'همدان، همدان، شهرک امیرکبیر'), ('50', '132', '12346598564', '12346598564', 'همدان، همدان، شهرک امیرکبیر'), ('51', '133', '09353040098', '09353040098', 'همدان، همدان، شهرک امیرکبیر'), ('52', '135', '09353040098', null, null), ('53', '136', '09353040098', null, null), ('54', '137', '09353040098', null, null), ('55', '139', '09353040098', null, null), ('56', '145', '09353040098', null, null), ('57', '146', '09353040098', null, null), ('58', '147', '09353040098', null, null), ('59', '150', '09353040098', null, null), ('60', '151', '09353040098', null, null), ('61', '152', '09122331556', '01236548896', 'البرز، البرز، البرز'), ('62', '153', '09358205850', null, null), ('63', '154', '09353040098', null, null), ('64', '155', '09353040098', null, null), ('65', '156', '06546546546', null, null), ('66', '157', '06546546546', null, null), ('67', '159', '06546546546', null, null), ('68', '160', '09353040098', null, null), ('71', '189', '09122331556', null, null), ('72', '190', '09122331556', null, null), ('73', '191', '09122331556', null, null), ('74', '192', '09353040093', null, null), ('75', '193', '56553040098', null, null);
COMMIT;

-- ----------------------------
-- Table structure for award
-- ----------------------------
DROP TABLE IF EXISTS `award`;
CREATE TABLE `award` (
`awdID`  int(11) NOT NULL AUTO_INCREMENT ,
`userID`  int(11) NOT NULL ,
`awdInserterID`  int(11) NOT NULL ,
`sportID`  int(11) NOT NULL ,
`awdName`  varchar(50) CHARACTER SET utf8 COLLATE utf8_persian_ci NOT NULL ,
`awdMedal`  smallint(6) NULL DEFAULT NULL ,
`awdDescription`  text CHARACTER SET utf8 COLLATE utf8_persian_ci NULL ,
`awdDate`  timestamp NOT NULL DEFAULT CURRENT_TIMESTAMP ,
PRIMARY KEY (`awdID`),
FOREIGN KEY (`userID`) REFERENCES `user` (`userID`) ON DELETE RESTRICT ON UPDATE RESTRICT,
FOREIGN KEY (`awdInserterID`) REFERENCES `user` (`userID`) ON DELETE RESTRICT ON UPDATE RESTRICT,
FOREIGN KEY (`sportID`) REFERENCES `sport` (`sportID`) ON DELETE RESTRICT ON UPDATE RESTRICT,
INDEX `userID` (`userID`) USING BTREE ,
INDEX `awdInserterID` (`awdInserterID`) USING BTREE ,
INDEX `sportID` (`sportID`) USING BTREE 
)
ENGINE=InnoDB
DEFAULT CHARACTER SET=utf8 COLLATE=utf8_persian_ci
AUTO_INCREMENT=39

;

-- ----------------------------
-- Records of award
-- ----------------------------
BEGIN;
INSERT INTO `award` VALUES ('10', '76', '76', '1', 'یک افتخار برای رضا GHF', '2', 'یک مدال نقره برای رضا GHF در مسابقات کشوری سال 92 در استان اصفهان', '2014-12-16 17:31:23'), ('15', '76', '76', '1', 'رضا GHF', '1', 'یک طلای خالص در مسابقات خیلی خوب که از توی سایت نصب شده است', '2014-12-16 23:10:04'), ('16', '76', '76', '1', 'مسابقات کشوری سال 92', '1', 'در سال در رشته شسینم تشسی نم ت این را تقدیم میکنم ....', '2014-12-16 23:19:48'), ('18', '70', '70', '1', 'افتخار جدید', '1', 'یک افتخار جدید است', '2014-12-16 23:25:35'), ('19', '86', '86', '2', 'یک افتخار جدید و عالی ', '0', 'انتخاب به عنوان بهترین بهترین ها در سال 2014', '2014-12-17 14:30:14'), ('20', '86', '86', '2', 'افتخاری دیگر ثبت از درون سایت', '0', 'این افتخار بدون مدال است، و با ثبت این افتخار هیچ مدالی برای این فرد تا به حال ثبت نشده.', '2014-12-17 17:16:04'), ('21', '85', '86', '1', 'بالاخره یک مدال جدید', '3', 'موفق به کسب مدال طلا در یک سری مسابقات شده ایم باشد که ادامه دار باشد', '2014-12-17 17:31:08'), ('23', '70', '126', '1', 'مدال طلا در رشته قایقرانی', '1', 'در سال 87 در رشته قایقرانی شرکت کرده و موفق به کسب مدال طلا شده ام', '2014-12-17 17:49:17'), ('24', '126', '126', '1', 'یک افتخار جدید', '2', 'یک مدال برنز جدید در رشته هاپکیدو GHF در سطح ملی', '2014-12-17 20:03:18'), ('25', '86', '86', '2', 'مدال طلای مسابقات جهانی', '1', 'در مسابقات جهانی این مدال را گرفته ام', '2014-12-19 20:35:19'), ('26', '70', '70', '2', 'مدال جدید', '2', 'توضیحات مدال جدید', '2014-12-21 01:23:16'), ('27', '86', '86', '2', 'افتخار با آی دی', '1', 'این یک افتخار جدید است با آی دی اتوماتیک این افتخار ویرایش شده sاین یک افتخار جدید است با آی دی اتوماتیک این افتخار ویرایش شده sاین یک افتخار جدید است با آی دی اتوماتیک این افتخار ویرایش شده sاین یک افتخار جدید است با آی دی اتوماتیک این افتخار ویرایش شده ', '2014-12-27 02:36:43'), ('28', '70', '70', '2', 'یک عنوان جدید در هاپکیدو khf', '3', 'توضیحات عنوان جدید', '2014-12-29 21:20:48'), ('29', '70', '70', '2', 'بدون مدال رامین جدید', '0', 'بدون مدال رامین جدید', '2014-12-29 21:35:57'), ('30', '86', '86', '2', 'افتخار جدید در 5،اسفند، 93', '0', 'این افتخار یکی از افتخارات خوب من است.', '2015-02-24 20:31:42'), ('31', '86', '86', '2', 'افتخار جدید در 13/12', '0', 'این یک افتخار بدون مدال می باشد', '2015-03-07 18:30:15'), ('32', '86', '86', '2', 'افتخار با مدال نقره', '2', 'افتخار با مدال نقره', '2015-03-07 18:31:20'), ('33', '86', '86', '2', 'یک افتخار جدید و بین المللی', '1', 'شسب شسب شسب شسب شسب ', '2015-04-10 19:37:02'), ('34', '85', '85', '1', 'مدال جدید افزوده شد که نقره است', '2', 'یک مدال نقره جدید افزوده شد', '2015-05-02 12:31:25'), ('35', '86', '86', '2', 'افتخار جدید در تاریخ 1394.03.01', '1', 'سلام دوستان من ', '2015-05-22 17:44:46'), ('36', '86', '86', '2', 'قهرمانی جهان در سال 1390', '1', 'این قهرمانی در رشته هاپکیدو ghf صورت در کشور آمریکا با سه دوره مسابقات کسب شده است', '2015-05-27 15:09:34'), ('37', '86', '86', '2', 'قهرمانی جهان در سال 2008', '1', 'کسب مدال طلا در مسابقات ارتش های جهان', '2015-07-24 22:47:45'), ('38', '152', '152', '1', 'قهرمانی جهان در سال 2010', '1', 'مسابقات قهرمانی جهان در سال 2010 در کشور آمریکا ', '2015-08-24 13:56:41');
COMMIT;

-- ----------------------------
-- Table structure for belt
-- ----------------------------
DROP TABLE IF EXISTS `belt`;
CREATE TABLE `belt` (
`beltID`  int(11) NOT NULL AUTO_INCREMENT ,
`sportID`  int(11) NOT NULL ,
`beltName`  varchar(50) CHARACTER SET utf8 COLLATE utf8_persian_ci NOT NULL ,
`beltValue`  int(11) NOT NULL ,
`reqTime`  int(11) NOT NULL ,
`created`  datetime NULL DEFAULT NULL ,
`updated`  timestamp NULL DEFAULT NULL ON UPDATE CURRENT_TIMESTAMP ,
PRIMARY KEY (`beltID`)
)
ENGINE=InnoDB
DEFAULT CHARACTER SET=utf8 COLLATE=utf8_persian_ci
AUTO_INCREMENT=24

;

-- ----------------------------
-- Records of belt
-- ----------------------------
BEGIN;
INSERT INTO `belt` VALUES ('1', '1', 'سفید', '1', '1', null, null), ('2', '1', 'زرد', '2', '1', null, null), ('3', '1', 'سبز', '3', '1', null, null), ('4', '1', 'آبی', '4', '1', null, null), ('5', '1', 'قرمز', '5', '1', null, null), ('6', '1', 'مشکی', '6', '1', null, null), ('7', '2', 'سفید', '1', '1', '2015-05-17 03:28:25', '2015-05-17 03:28:25'), ('8', '2', 'زرد', '2', '1', null, null), ('9', '2', 'سبز', '3', '1', null, null), ('10', '2', 'آبی', '4', '1', null, null), ('11', '2', 'قرمز', '5', '1', null, null), ('12', '2', 'مشکی', '1', '1', '2015-05-25 03:01:05', null), ('13', '1', 'مشکی دان 1', '1', '1', '2015-05-27 16:58:23', null), ('14', '1', 'مشکی دان 2', '1', '1', '2015-05-27 16:58:28', null), ('15', '1', 'مشکی دان 3', '1', '1', '2015-05-27 16:58:32', null), ('16', '1', 'مشکی دان 4', '1', '1', '2015-05-27 16:58:37', null), ('17', '1', 'مشکی دان 5', '1', '1', '2015-05-27 16:58:44', null), ('18', '1', 'مشکی دان 6', '1', '1', '2015-05-27 16:58:50', null), ('19', '1', 'مشکی دان 7', '1', '1', '2015-05-27 16:58:55', null), ('20', '1', 'مشکی دان 8', '1', '1', '2015-05-27 16:58:59', null), ('21', '1', 'مشکی دان 9', '1', '1', '2015-05-27 16:59:03', null), ('22', '1', 'مشکی دان 10', '1', '1', '2015-05-27 16:59:11', null), ('23', '0', '', '0', '0', '2015-05-29 05:30:45', null);
COMMIT;

-- ----------------------------
-- Table structure for category
-- ----------------------------
DROP TABLE IF EXISTS `category`;
CREATE TABLE `category` (
`id`  int(11) NOT NULL AUTO_INCREMENT ,
`name`  varchar(255) CHARACTER SET utf8 COLLATE utf8_persian_ci NOT NULL ,
`uid`  int(11) NOT NULL ,
`remover_uid`  int(11) NOT NULL ,
`created`  varchar(255) CHARACTER SET utf8 COLLATE utf8_persian_ci NOT NULL ,
`updated`  timestamp NOT NULL DEFAULT '0000-00-00 00:00:00' ON UPDATE CURRENT_TIMESTAMP ,
`deleted`  time NOT NULL DEFAULT '00:00:00' ,
PRIMARY KEY (`id`),
INDEX `inserterID` (`uid`) USING BTREE 
)
ENGINE=InnoDB
DEFAULT CHARACTER SET=utf8 COLLATE=utf8_persian_ci
AUTO_INCREMENT=10

;

-- ----------------------------
-- Records of category
-- ----------------------------
BEGIN;
INSERT INTO `category` VALUES ('1', 'ضربات دست', '70', '0', '2014-09-01 19:43:20', '2015-05-27 23:13:38', '00:00:00'), ('2', 'ضربات پا', '70', '0', '2014-09-01 19:46:22', '2015-05-27 23:13:42', '00:00:00'), ('3', 'بدن سازی', '70', '0', '2014-09-01 19:46:37', '2015-05-27 23:13:43', '00:00:00'), ('4', 'تمرکز', '70', '0', '2014-09-01 19:46:46', '2015-05-27 23:13:44', '00:00:00'), ('5', 'دفاع شخصی', '70', '0', '2015-03-01 00:53:04', '2015-05-27 23:13:45', '00:00:00'), ('6', 'کلمات کره ای', '70', '0', '2015-03-01 00:53:04', '2015-05-27 23:13:59', '00:00:00'), ('7', 'کلمات ژاپنی', '70', '0', '2015-03-01 00:53:04', '0000-00-00 00:00:00', '00:00:00'), ('8', 'تغذیه', '70', '0', '2015-03-01 00:53:04', '0000-00-00 00:00:00', '00:00:00'), ('9', 'تمرینات هوازی', '70', '0', '2015-03-01 00:53:04', '2015-05-27 23:14:57', '00:00:00');
COMMIT;

-- ----------------------------
-- Table structure for class_day_time
-- ----------------------------
DROP TABLE IF EXISTS `class_day_time`;
CREATE TABLE `class_day_time` (
`class_day_id`  int(11) NOT NULL AUTO_INCREMENT ,
`class_id`  int(11) NOT NULL ,
`day`  tinyint(1) NOT NULL ,
`start_time`  tinyint(2) NOT NULL ,
`end_time`  tinyint(2) NOT NULL ,
PRIMARY KEY (`class_day_id`)
)
ENGINE=InnoDB
DEFAULT CHARACTER SET=utf8 COLLATE=utf8_persian_ci
AUTO_INCREMENT=147

;

-- ----------------------------
-- Records of class_day_time
-- ----------------------------
BEGIN;
INSERT INTO `class_day_time` VALUES ('122', '85', '0', '12', '15'), ('123', '85', '0', '20', '22'), ('124', '85', '0', '21', '24'), ('125', '86', '1', '14', '16'), ('126', '86', '0', '18', '20'), ('127', '86', '0', '22', '24'), ('128', '87', '3', '17', '19'), ('129', '87', '1', '18', '20'), ('130', '87', '5', '18', '20'), ('132', '89', '0', '20', '22'), ('133', '89', '2', '20', '22'), ('134', '89', '4', '20', '22'), ('135', '90', '0', '10', '12'), ('136', '90', '2', '10', '12'), ('137', '90', '4', '10', '12'), ('138', '91', '0', '18', '21'), ('139', '91', '1', '16', '19'), ('140', '91', '2', '18', '21'), ('141', '92', '0', '15', '18'), ('142', '92', '1', '12', '14'), ('143', '93', '0', '9', '10'), ('144', '93', '1', '10', '12'), ('145', '93', '2', '9', '10'), ('146', '93', '0', '10', '12');
COMMIT;

-- ----------------------------
-- Table structure for comment
-- ----------------------------
DROP TABLE IF EXISTS `comment`;
CREATE TABLE `comment` (
`id`  int(11) NOT NULL AUTO_INCREMENT ,
`entity_id`  int(11) NOT NULL ,
`bundle`  varchar(255) CHARACTER SET utf8 COLLATE utf8_persian_ci NOT NULL ,
`author_id`  int(11) NOT NULL ,
`body`  text CHARACTER SET utf8 COLLATE utf8_persian_ci NOT NULL ,
`confirm`  tinyint(1) NOT NULL DEFAULT 0 ,
`created`  varchar(50) CHARACTER SET utf8 COLLATE utf8_persian_ci NOT NULL ,
`updated`  timestamp NULL DEFAULT '0000-00-00 00:00:00' ON UPDATE CURRENT_TIMESTAMP ,
PRIMARY KEY (`id`),
INDEX `postID` (`entity_id`) USING BTREE ,
INDEX `inserterID` (`author_id`) USING BTREE 
)
ENGINE=InnoDB
DEFAULT CHARACTER SET=utf8 COLLATE=utf8_persian_ci
AUTO_INCREMENT=70

;

-- ----------------------------
-- Records of comment
-- ----------------------------
BEGIN;
COMMIT;

-- ----------------------------
-- Table structure for cover_image
-- ----------------------------
DROP TABLE IF EXISTS `cover_image`;
CREATE TABLE `cover_image` (
`id`  int(11) NOT NULL ,
`uid`  int(11) NOT NULL ,
`fid`  int(11) NOT NULL ,
`type`  varchar(255) CHARACTER SET utf8 COLLATE utf8_persian_ci NOT NULL ,
`created`  varchar(255) CHARACTER SET utf8 COLLATE utf8_persian_ci NOT NULL ,
`updated`  timestamp NOT NULL DEFAULT '0000-00-00 00:00:00' ON UPDATE CURRENT_TIMESTAMP ,
PRIMARY KEY (`id`)
)
ENGINE=InnoDB
DEFAULT CHARACTER SET=utf8 COLLATE=utf8_persian_ci

;

-- ----------------------------
-- Records of cover_image
-- ----------------------------
BEGIN;
COMMIT;

-- ----------------------------
-- Table structure for degree
-- ----------------------------
DROP TABLE IF EXISTS `degree`;
CREATE TABLE `degree` (
`degID`  int(11) NOT NULL AUTO_INCREMENT ,
`degName`  varchar(25) CHARACTER SET utf8 COLLATE utf8_persian_ci NOT NULL ,
`degValue`  int(11) NOT NULL ,
PRIMARY KEY (`degID`)
)
ENGINE=InnoDB
DEFAULT CHARACTER SET=utf8 COLLATE=utf8_persian_ci
AUTO_INCREMENT=28

;

-- ----------------------------
-- Records of degree
-- ----------------------------
BEGIN;
INSERT INTO `degree` VALUES ('1', 'زیر دیپلم', '0'), ('5', 'دیپلم', '5'), ('10', 'فوق دیپلم', '10'), ('15', 'کارشناسی', '15'), ('20', 'کارشناسی ارشد', '20'), ('25', 'دکتری', '25'), ('27', 'تست', '0');
COMMIT;

-- ----------------------------
-- Table structure for event
-- ----------------------------
DROP TABLE IF EXISTS `event`;
CREATE TABLE `event` (
`eventID`  int(11) NOT NULL AUTO_INCREMENT ,
`evtReqID`  int(11) NULL DEFAULT NULL ,
`sportID`  int(11) NOT NULL ,
`subBranchID`  int(11) NULL DEFAULT NULL ,
`inserterID`  int(11) NOT NULL ,
`evtTypeID`  int(11) NULL DEFAULT NULL ,
`sex`  tinyint(2) UNSIGNED NOT NULL ,
`evtName`  varchar(100) CHARACTER SET utf8 COLLATE utf8_persian_ci NOT NULL ,
`deadendDate`  timestamp NULL DEFAULT NULL ,
`openingDay`  datetime NOT NULL ,
`evtAddress`  varchar(255) CHARACTER SET utf8 COLLATE utf8_persian_ci NOT NULL ,
`maxReg`  int(11) NULL DEFAULT NULL ,
`cost`  varchar(10) CHARACTER SET utf8 COLLATE utf8_persian_ci NULL DEFAULT NULL ,
`description`  text CHARACTER SET utf8 COLLATE utf8_persian_ci NULL ,
`otherSports`  tinyint(1) NULL DEFAULT NULL ,
`allSports`  tinyint(1) NOT NULL DEFAULT 0 ,
`created`  timestamp NOT NULL DEFAULT CURRENT_TIMESTAMP ,
`confirm_needed`  tinyint(1) NOT NULL DEFAULT 1 ,
`evt_table_close`  tinyint(1) NOT NULL DEFAULT 0 ,
`evt_table_sorted`  tinyint(1) NOT NULL DEFAULT 0 ,
PRIMARY KEY (`eventID`),
INDEX `evtTypeID` (`evtTypeID`) USING BTREE 
)
ENGINE=InnoDB
DEFAULT CHARACTER SET=utf8 COLLATE=utf8_persian_ci
AUTO_INCREMENT=88

;

-- ----------------------------
-- Records of event
-- ----------------------------
BEGIN;
INSERT INTO `event` VALUES ('48', '36', '2', null, '86', '2', '1', 'رویداد با نوتیفیکیشن', '2014-12-05 23:42:00', '2014-12-15 00:00:00', 'آدرس محل برگذاری ', '100', '35000', 'در این رویداد پس از ثبت رویداد نوتیفیکیشن هایی برای افراد واجد شرایط ارسال میشود.\r\n', '1', '0', '2014-12-03 20:04:38', '1', '0', '0'), ('49', null, '2', null, '86', '2', '1', 'رویداد با نوتیفیکیشن', '2014-12-03 00:00:00', '2014-12-15 00:00:00', 'آدرس محل برگذاری ', '100', '35000', 'در این رویداد پس از ثبت رویداد نوتیفیکیشن هایی برای افراد واجد شرایط ارسال میشود.\r\n', '1', '0', '2014-12-03 20:06:25', '1', '0', '0'), ('50', '38', '1', null, '70', '1', '1', 'رویداد جدید همراه با نمایش ', '2014-12-17 00:00:00', '2014-12-21 00:00:00', 'آدرس رویداد همراه با نمایش برای قسمت رویداد ها', null, '40000', 'این رویداد همراه با نمایش است و تمامی افرادی که بخواهند میتوانند آن را به صورت کامل مشاهده نمایند. و این رویداد در رشته های هاپکیدو GHFو  تکواندو پومسه و تاپ کیک بوکسینگ نیز فعالیت دارد. در ضمن این رویداد دارای \\n نیز می باشد.', '1', '0', '2014-12-03 22:14:51', '1', '0', '0'), ('51', '39', '2', null, '86', '3', '1', 'رویداد جدید 1393.10.13', '2014-12-08 00:00:00', '2014-12-11 00:00:00', 'همدان، ملایر، رویداد جدید', '0', '0', 'این رویداد رویدادی است که در آن هم از محدودیت ها و از رشته های خاص مانند هاپکیدو GHF و همچین تکواندو پومسه ، این رویداد برای رشته هاپکیدو KHF قرار داده شده است.\r\nپس از قرار دادن این رویداد باید برای افراد خاصی پیام رویداد ارسال شود.\r\n', '1', '0', '2014-12-04 22:43:02', '0', '0', '0'), ('52', '40', '2', null, '86', '2', '1', 'مسابقات کشوری', '2015-03-28 00:00:00', '2015-04-20 00:00:00', 'تهران، تهران، جنت آباد جنوبی، خیابان لاله غربی', '600', '500000', 'سری مسابقات جام جوانان می باشد ک در فروردین ماه سال 1394 برگذار خواهد شد.', '1', '0', '2015-03-16 13:55:07', '1', '0', '0'), ('53', null, '2', null, '86', '2', '1', 'رویداد جدول دار', '2015-03-30 00:00:00', '2015-04-15 00:00:00', 'تهران، تهران، جنت آباد جنوبی، خیابان لاله غربی', null, '50000', 'این یک رویداد جدید است به منظور تست لینک به صفحه ای که کاربر بتواند وزن ها و سن ها رو مدیریت کند.', '0', '0', '2015-03-25 21:27:06', '1', '0', '0'), ('54', null, '2', null, '86', '2', '1', 'رویداد جدول دار', '2015-03-30 00:00:00', '2015-04-15 00:00:00', 'تهران، تهران، جنت آباد جنوبی، خیابان لاله غربی', null, '50000', 'این یک رویداد جدید است به منظور تست لینک به صفحه ای که کاربر بتواند وزن ها و سن ها رو مدیریت کند.', '0', '0', '2015-03-25 21:28:29', '1', '0', '0'), ('55', null, '2', null, '86', '2', '1', 'رویداد جدول دار', '2015-03-30 00:00:00', '2015-04-15 00:00:00', 'تهران، تهران، جنت آباد جنوبی، خیابان لاله غربی', null, '50000', 'این یک رویداد جدید است به منظور تست لینک به صفحه ای که کاربر بتواند وزن ها و سن ها رو مدیریت کند.', '0', '0', '2015-03-25 21:29:07', '1', '0', '0'), ('56', null, '2', null, '86', '2', '1', 'رویداد جدول دار', '2015-03-30 00:00:00', '2015-04-15 00:00:00', 'تهران، تهران، جنت آباد جنوبی، خیابان لاله غربی', null, '50000', 'این یک رویداد جدید است به منظور تست لینک به صفحه ای که کاربر بتواند وزن ها و سن ها رو مدیریت کند.', '0', '0', '2015-03-25 21:29:12', '1', '0', '0'), ('57', null, '2', null, '86', '2', '1', 'رویداد جدول دار', '2015-03-30 00:00:00', '2015-04-15 00:00:00', 'تهران، تهران، جنت آباد جنوبی، خیابان لاله غربی', null, '50000', 'این یک رویداد جدید است به منظور تست لینک به صفحه ای که کاربر بتواند وزن ها و سن ها رو مدیریت کند.', '0', '0', '2015-03-25 21:29:22', '1', '0', '0'), ('58', null, '2', null, '86', '2', '1', 'رویداد جدول دار', '2015-03-30 00:00:00', '2015-04-15 00:00:00', 'تهران، تهران، جنت آباد جنوبی، خیابان لاله غربی', null, '50000', 'این یک رویداد جدید است به منظور تست لینک به صفحه ای که کاربر بتواند وزن ها و سن ها رو مدیریت کند.', '0', '0', '2015-03-25 21:30:21', '1', '0', '0'), ('59', null, '2', null, '86', '2', '1', 'رویداد جدول دار', '2015-03-30 00:00:00', '2015-04-15 00:00:00', 'تهران، تهران، جنت آباد جنوبی، خیابان لاله غربی', null, '50000', 'این یک رویداد جدید است به منظور تست لینک به صفحه ای که کاربر بتواند وزن ها و سن ها رو مدیریت کند.', '0', '0', '2015-03-25 21:31:57', '1', '0', '0'), ('60', null, '2', null, '86', '2', '1', 'رویداد جدول دار', '2015-03-30 00:00:00', '2015-04-15 00:00:00', 'تهران، تهران، جنت آباد جنوبی، خیابان لاله غربی', null, '50000', 'این یک رویداد جدید است به منظور تست لینک به صفحه ای که کاربر بتواند وزن ها و سن ها رو مدیریت کند.', '0', '0', '2015-03-25 21:32:01', '1', '0', '0'), ('61', null, '2', null, '86', '2', '1', 'رویداد جدول دار', '2015-03-30 00:00:00', '2015-04-15 00:00:00', 'تهران، تهران، جنت آباد جنوبی، خیابان لاله غربی', null, '50000', 'این یک رویداد جدید است به منظور تست لینک به صفحه ای که کاربر بتواند وزن ها و سن ها رو مدیریت کند.', '0', '0', '2015-03-25 21:32:16', '1', '0', '0'), ('62', null, '2', null, '86', '2', '1', 'رویداد جدول دار', '2015-03-30 00:00:00', '2015-04-15 00:00:00', 'تهران، تهران، جنت آباد جنوبی، خیابان لاله غربی', null, '50000', 'این یک رویداد جدید است به منظور تست لینک به صفحه ای که کاربر بتواند وزن ها و سن ها رو مدیریت کند.', '0', '0', '2015-03-25 21:32:40', '1', '0', '0'), ('63', null, '2', null, '86', '2', '1', 'رویداد جدول دار', '2015-03-30 00:00:00', '2015-04-15 00:00:00', 'تهران، تهران، جنت آباد جنوبی، خیابان لاله غربی', null, '50000', 'این یک رویداد جدید است به منظور تست لینک به صفحه ای که کاربر بتواند وزن ها و سن ها رو مدیریت کند.', '0', '0', '2015-03-25 21:33:01', '1', '0', '0'), ('64', null, '2', null, '86', '2', '1', 'رویداد جدول دار', '2015-03-30 00:00:00', '2015-04-15 00:00:00', 'تهران، تهران، جنت آباد جنوبی، خیابان لاله غربی', null, '50000', 'این یک رویداد جدید است به منظور تست لینک به صفحه ای که کاربر بتواند وزن ها و سن ها رو مدیریت کند.', '0', '0', '2015-03-25 21:34:02', '1', '0', '0'), ('65', null, '2', null, '86', '2', '1', 'رویداد جدول دار', '2015-03-30 00:00:00', '2015-04-15 00:00:00', 'تهران، تهران، جنت آباد جنوبی، خیابان لاله غربی', null, '50000', 'این یک رویداد جدید است به منظور تست لینک به صفحه ای که کاربر بتواند وزن ها و سن ها رو مدیریت کند.', '0', '0', '2015-03-25 21:34:42', '1', '0', '0'), ('66', null, '2', null, '86', '2', '1', 'رویداد جدول دار', '2015-03-30 00:00:00', '2015-04-15 00:00:00', 'تهران، تهران، جنت آباد جنوبی، خیابان لاله غربی', null, '50000', 'این یک رویداد جدید است به منظور تست لینک به صفحه ای که کاربر بتواند وزن ها و سن ها رو مدیریت کند.', '0', '0', '2015-03-25 21:35:48', '1', '0', '0'), ('67', null, '2', null, '86', '2', '1', 'رویداد جدول دار', '2015-03-30 00:00:00', '2015-04-15 00:00:00', 'تهران، تهران، جنت آباد جنوبی، خیابان لاله غربی', null, '50000', 'این یک رویداد جدید است به منظور تست لینک به صفحه ای که کاربر بتواند وزن ها و سن ها رو مدیریت کند.', '0', '0', '2015-03-25 21:37:50', '1', '0', '0'), ('68', null, '2', null, '86', '2', '1', 'رویداد جدول دار', '2015-04-09 00:00:00', '2015-04-08 00:00:00', 'همدان، ملایر، رویداد جدید', '600', '50000', 'lkjlkjasd laskjd asldk jasldk j', '0', '0', '2015-03-25 21:39:07', '1', '0', '0'), ('69', null, '2', null, '86', '2', '1', 'رویداد جدول دار', '2015-04-09 00:00:00', '2015-04-08 00:00:00', 'همدان، ملایر، رویداد جدید', '600', '50000', 'lkjlkjasd laskjd asldk jasldk j', '0', '0', '2015-03-25 21:41:24', '1', '0', '0'), ('70', null, '2', null, '86', '2', '1', 'رویداد جدول دار', '2015-04-09 00:00:00', '2015-04-08 00:00:00', 'همدان، ملایر، رویداد جدید', '600', '50000', 'lkjlkjasd laskjd asldk jasldk j', '0', '0', '2015-03-25 21:42:50', '1', '0', '0'), ('71', null, '2', null, '86', '3', '1', 'رویداد جدول دار', '2015-04-09 00:00:00', '2015-04-08 00:00:00', 'همدان، ملایر، رویداد جدید', '600', '50000', 'lkjlkjasd laskjd asldk jasldk j', '0', '0', '2015-03-25 21:43:35', '1', '0', '0'), ('72', null, '2', null, '86', '2', '1', 'رویداد جدول دار', '2015-04-09 00:00:00', '2015-04-08 00:00:00', 'همدان، ملایر، رویداد جدید', '600', '50000', 'lkjlkjasd laskjd asldk jasldk j', '0', '0', '2015-03-25 21:44:17', '1', '0', '0'), ('73', null, '2', null, '86', '2', '1', 'رویداد جدول دار', '2015-04-09 00:00:00', '2015-04-08 00:00:00', 'همدان، ملایر، رویداد جدید', '600', '50000', 'lkjlkjasd laskjd asldk jasldk j', '0', '0', '2015-03-25 21:44:25', '1', '0', '0'), ('74', null, '2', null, '86', '2', '1', 'رویداد جدول دار', '2015-04-09 00:00:00', '2015-04-08 00:00:00', 'همدان، ملایر، رویداد جدید', '600', '50000', 'lkjlkjasd laskjd asldk jasldk j', '0', '0', '2015-03-25 21:44:46', '1', '0', '0'), ('75', null, '2', null, '86', '2', '1', 'رویداد جدول دار', '2015-04-09 00:00:00', '2015-04-08 00:00:00', 'همدان، ملایر، رویداد جدید', '600', '50000', 'lkjlkjasd laskjd asldk jasldk j', '0', '0', '2015-03-25 21:45:06', '1', '0', '0'), ('76', null, '2', null, '152', '9', '1', 'رویداد جدول دار', '2015-05-30 00:00:00', '2015-06-25 00:00:00', 'همدان، ملایر، رویداد جدید', '9', '50000', 'lkjlkjasd laskjd asldk jasldk j', '0', '0', '2015-03-25 21:45:20', '1', '1', '1'), ('77', '41', '2', null, '86', '2', '1', 'مسابقات جام رمضان', '2015-04-13 00:00:00', '2015-04-15 00:00:00', 'همدان، ملایر، رویداد جدید', null, '50000', 'شسمینت شسمینتشیمنت', '1', '0', '2015-04-10 19:50:48', '1', '1', '1'), ('78', null, '2', null, '86', '112', '1', 'راه پیمایی 22 بهمن', '2015-05-21 00:00:00', '2015-05-23 00:00:00', 'همدان، ملایر، رویداد جدید', null, null, 'شسمینت شسمین تشمسی نشتسیم شنت', '1', '0', '2015-05-18 23:45:31', '1', '0', '0'), ('79', '0', '1', '0', '152', '111', '1', 'مسابقات جام رمضان', '2015-06-16 00:00:00', '2015-06-18 00:00:00', 'البرز، شهریار، خیابان شهید جوادی، مجتمع ورزشی شهید همت', '0', '50000', 'مسابقات جام رمضان با مدیریت استاد سید مهدی نژند در رشته هاپکیدو، ==== و سایر توضیحات که ممکن است بخواهیم اضافه کنیم.', '1', '0', '2015-05-29 02:54:51', '1', '1', '1'), ('80', null, '2', null, '86', '112', '1', 'آموزش دفاع شخصی', '2015-08-03 00:00:00', '2015-08-06 00:00:00', 'همدان، ملایر، رویداد جدید', null, null, 'توضیحات در مورد رویداد ما', '0', '0', '2015-07-24 21:38:41', '1', '0', '0'), ('81', null, '1', null, '152', '111', '1', 'آموزش دفاع شخصی', '2015-07-25 00:00:00', '2015-07-25 00:00:00', 'south janatabad, east laleh, golestane alley', null, '40000', 'توضیحات در مورد رویداد مسابقه در رشته توتال هاکپیدو', '0', '0', '2015-07-25 22:49:19', '1', '0', '0'), ('82', null, '1', null, '152', '111', '1', 'مسابقات هاپکیدو', '2015-07-25 00:00:00', '2015-07-25 00:00:00', 'south janatabad, east laleh, golestane alley', null, null, null, '0', '0', '2015-07-25 22:50:09', '1', '0', '0'), ('83', null, '1', null, '152', '111', '1', 'مسابقات قهرمانی کشور ', '2015-08-04 00:00:00', '2015-08-13 00:00:00', 'south janatabad, east laleh, golestane alley', null, '40000', 'توضیحات در مورد مسابقات کشوری سال 1394 ورزش هاپکیدو توتال', '0', '0', '2015-07-25 22:51:50', '1', '0', '0'), ('84', '42', '1', '0', '152', '111', '1', 'مسابقه با جدول', '2015-09-03 00:00:00', '2015-09-05 00:00:00', 'تهران، ', '0', '40000', '', '1', '0', '2015-08-23 11:38:59', '1', '1', '0'), ('85', '0', '1', '0', '152', '111', '1', 'مسابقات قهرمانی کشوری', '2015-08-27 00:00:00', '2015-09-13 00:00:00', 'البرز، جاده فردیس، سر آسیاب، خوابگاه ابولقاسم فردوسی', '0', '55000', '', '1', '0', '2015-08-24 14:07:23', '1', '1', '0'), ('86', null, '1', null, '152', '111', '1', 'آموزش دفاع شخصی', '2015-09-04 00:00:00', '2015-08-31 00:00:00', 'البرز، جاده فردیس، سر آسیاب، خوابگاه ابولقاسم فردوسی', null, '60000', null, '0', '0', '2015-08-24 20:53:07', '1', '0', '0'), ('87', '0', '1', '0', '152', '111', '1', 'مسابقات قهرمانی کشور', '2015-09-03 00:00:00', '2015-09-05 00:00:00', 'تهران، تهران، تهران', '0', '550000', 'برگذاری مسابقات کشوری هاپکیدو در سال 1394', '0', '0', '2015-08-26 21:56:03', '1', '1', '0');
COMMIT;

-- ----------------------------
-- Table structure for event_card
-- ----------------------------
DROP TABLE IF EXISTS `event_card`;
CREATE TABLE `event_card` (
`id`  int(11) NOT NULL AUTO_INCREMENT ,
`uid`  int(11) NOT NULL ,
`eid`  int(11) NOT NULL ,
`ejid`  int(11) NOT NULL ,
`created`  timestamp NULL DEFAULT CURRENT_TIMESTAMP ,
PRIMARY KEY (`id`),
FOREIGN KEY (`eid`) REFERENCES `event` (`eventID`) ON DELETE RESTRICT ON UPDATE RESTRICT,
FOREIGN KEY (`ejid`) REFERENCES `event_job` (`id`) ON DELETE RESTRICT ON UPDATE RESTRICT,
FOREIGN KEY (`uid`) REFERENCES `user` (`userID`) ON DELETE RESTRICT ON UPDATE RESTRICT,
INDEX `user__event_card` (`uid`) USING BTREE ,
INDEX `event_event_card` (`eid`) USING BTREE ,
INDEX `event_job_event_card` (`ejid`) USING BTREE 
)
ENGINE=InnoDB
DEFAULT CHARACTER SET=utf8 COLLATE=utf8_persian_ci
AUTO_INCREMENT=34

;

-- ----------------------------
-- Records of event_card
-- ----------------------------
BEGIN;
INSERT INTO `event_card` VALUES ('2', '70', '87', '2', '2015-08-29 19:30:24'), ('5', '153', '87', '2', '2015-08-29 22:56:40'), ('7', '152', '87', '10', '2015-08-29 23:18:13'), ('8', '193', '87', '1', '2015-08-29 23:18:46'), ('9', '157', '87', '1', '2015-08-29 23:18:51'), ('10', '155', '87', '1', '2015-08-29 23:19:16'), ('11', '153', '87', '1', '2015-08-29 23:21:35'), ('12', '152', '87', '1', '2015-08-29 23:21:43'), ('13', '153', '87', '1', '2015-08-29 23:21:55'), ('14', '157', '87', '1', '2015-08-29 23:21:59'), ('16', '154', '87', '10', '2015-08-29 23:37:59'), ('20', '193', '87', '10', '2015-08-30 00:06:08'), ('21', '193', '87', '1', '2015-08-30 00:06:31'), ('22', '156', '87', '1', '2015-08-30 00:07:27'), ('23', '155', '87', '1', '2015-08-30 00:07:40'), ('24', '159', '87', '1', '2015-08-30 00:08:19'), ('25', '154', '87', '1', '2015-08-30 00:08:35'), ('26', '154', '87', '1', '2015-08-30 00:08:43'), ('27', '154', '87', '1', '2015-08-30 00:08:50'), ('28', '156', '87', '1', '2015-08-30 00:09:24'), ('29', '154', '87', '1', '2015-08-30 00:09:51'), ('30', '154', '87', '1', '2015-08-30 00:10:51'), ('31', '160', '87', '1', '2015-08-30 00:11:19'), ('32', '85', '87', '1', '2015-08-30 00:11:30'), ('33', '88', '87', '1', '2015-08-30 00:13:48');
COMMIT;

-- ----------------------------
-- Table structure for event_job
-- ----------------------------
DROP TABLE IF EXISTS `event_job`;
CREATE TABLE `event_job` (
`id`  int(11) NOT NULL AUTO_INCREMENT ,
`sid`  int(11) NOT NULL ,
`name`  varchar(255) CHARACTER SET utf8 COLLATE utf8_persian_ci NOT NULL ,
`weight`  double(3,0) NULL DEFAULT 0 ,
`created`  datetime NOT NULL ,
`updated`  timestamp NULL DEFAULT NULL ON UPDATE CURRENT_TIMESTAMP ,
PRIMARY KEY (`id`),
FOREIGN KEY (`sid`) REFERENCES `sport` (`sportID`) ON DELETE RESTRICT ON UPDATE NO ACTION,
INDEX `sid_sport_id` (`sid`) USING BTREE 
)
ENGINE=InnoDB
DEFAULT CHARACTER SET=utf8 COLLATE=utf8_persian_ci
AUTO_INCREMENT=13

;

-- ----------------------------
-- Records of event_job
-- ----------------------------
BEGIN;
INSERT INTO `event_job` VALUES ('1', '1', 'داور کنار', null, '2015-08-28 19:51:28', '2015-08-28 20:14:34'), ('2', '1', 'داور وسط', null, '2015-08-28 19:51:58', null), ('10', '1', 'کمیته فنی', null, '2015-08-28 19:53:48', null), ('12', '1', 'حفاظت', null, '2015-08-28 20:29:58', null);
COMMIT;

-- ----------------------------
-- Table structure for event_sorted_table
-- ----------------------------
DROP TABLE IF EXISTS `event_sorted_table`;
CREATE TABLE `event_sorted_table` (
`mw_id`  int(11) NOT NULL ,
`sorted_table_html`  text CHARACTER SET utf8 COLLATE utf8_persian_ci NOT NULL ,
`event_id`  int(11) NOT NULL ,
PRIMARY KEY (`mw_id`)
)
ENGINE=InnoDB
DEFAULT CHARACTER SET=utf8 COLLATE=utf8_persian_ci

;

-- ----------------------------
-- Records of event_sorted_table
-- ----------------------------
BEGIN;
INSERT INTO `event_sorted_table` VALUES ('4', '<div class=\"event_table_left\"><div>روح الله</div><div>زارعی</div><div class=\"extra_cell\"></div><div class=\"extra_cell\"></div></div><div class=\"event_table_right\"><div>نژند</div><div>اسگری</div><div class=\"extra_cell\"></div><div class=\"extra_cell\"></div></div>', '76'), ('22', '<div class=\"event_table_left\"><div>نژند</div><div class=\"extra_cell\"></div><div class=\"extra_cell\"></div></div><div class=\"event_table_right\"><div>روح الله</div><div class=\"extra_cell\"></div><div class=\"extra_cell\"></div></div>', '76'), ('27', '<div class=\"event_table_left\"><div class=\"cell\" >نژند</div><div class=\"cell\" >نژند</div><div class=\"extra_cell\"></div><div class=\"extra_cell\"></div></div><div class=\"event_table_right\"><div class=\"cell\" >r</div><div class=\"cell\" >نژند</div><div class=\"extra_cell\"></div><div class=\"extra_cell\"></div></div>', '77');
COMMIT;

-- ----------------------------
-- Table structure for evt_register
-- ----------------------------
DROP TABLE IF EXISTS `evt_register`;
CREATE TABLE `evt_register` (
`id`  int(11) NOT NULL AUTO_INCREMENT ,
`event_id`  int(11) NOT NULL ,
`info_id`  int(11) NOT NULL ,
`user_id`  int(11) NULL DEFAULT NULL ,
`confirm`  tinyint(1) NOT NULL DEFAULT 0 ,
`confirmer_id`  int(11) NULL DEFAULT NULL ,
`created`  timestamp NULL DEFAULT NULL ,
`updated`  timestamp NULL DEFAULT NULL ON UPDATE CURRENT_TIMESTAMP ,
PRIMARY KEY (`id`)
)
ENGINE=InnoDB
DEFAULT CHARACTER SET=utf8 COLLATE=utf8_persian_ci
AUTO_INCREMENT=33

;

-- ----------------------------
-- Records of evt_register
-- ----------------------------
BEGIN;
INSERT INTO `evt_register` VALUES ('1', '79', '71', null, '1', null, '2015-04-30 22:22:28', '2015-05-29 05:41:10'), ('2', '79', '73', null, '1', null, '2015-04-30 22:22:28', '2015-05-29 05:41:11'), ('3', '79', '72', null, '1', null, '2015-04-30 22:22:28', '2015-05-29 05:41:10'), ('4', '79', '86', null, '1', null, '2015-04-30 22:22:28', '2015-05-29 05:41:12'), ('5', '79', '78', null, '1', null, '2015-04-30 22:22:28', '2015-05-29 05:41:13'), ('6', '79', '56', null, '1', null, '2015-04-30 22:22:28', '2015-05-29 05:41:13'), ('7', '79', '88', '0', '1', '86', '2015-04-30 22:22:29', '2015-05-29 05:40:01'), ('16', '79', '87', null, '1', null, '2015-04-30 22:22:28', '2015-05-29 05:41:14'), ('18', '79', '87', null, '1', null, '2015-04-30 22:22:28', '2015-05-29 05:41:14'), ('19', '79', '87', '0', '0', '70', '2015-04-30 22:22:28', '2015-05-29 05:41:17'), ('20', '79', '87', '0', '0', '70', '2015-04-30 22:22:28', '2015-05-29 05:41:16'), ('21', '80', '87', null, '0', null, '2015-08-04 15:58:43', '2015-08-23 15:58:49'), ('22', '84', '87', '0', '1', '70', '2015-08-23 15:58:50', '2015-08-23 19:00:09'), ('23', '87', '167', '0', '1', '152', '0000-00-00 00:00:00', '0000-00-00 00:00:00'), ('24', '87', '161', '0', '1', '152', '0000-00-00 00:00:00', '0000-00-00 00:00:00'), ('25', '87', '160', '0', '1', '152', '0000-00-00 00:00:00', '0000-00-00 00:00:00'), ('26', '87', '157', '0', '1', '152', '0000-00-00 00:00:00', '0000-00-00 00:00:00'), ('27', '87', '156', '0', '1', '152', '0000-00-00 00:00:00', '0000-00-00 00:00:00'), ('28', '87', '155', '0', '1', '152', '0000-00-00 00:00:00', '0000-00-00 00:00:00'), ('29', '87', '154', '0', '1', '152', '0000-00-00 00:00:00', '0000-00-00 00:00:00'), ('30', '86', '153', null, '0', null, '0000-00-00 00:00:00', null), ('31', '86', '153', null, '0', null, '0000-00-00 00:00:00', null), ('32', '86', '153', null, '0', null, '0000-00-00 00:00:00', null);
COMMIT;

-- ----------------------------
-- Table structure for evt_type
-- ----------------------------
DROP TABLE IF EXISTS `evt_type`;
CREATE TABLE `evt_type` (
`id`  int(11) NOT NULL AUTO_INCREMENT ,
`sport_id`  int(11) NOT NULL ,
`evt_type_name`  varchar(50) CHARACTER SET utf8 COLLATE utf8_persian_ci NOT NULL ,
`has_weight`  tinyint(1) NOT NULL DEFAULT 0 ,
`created`  timestamp NULL DEFAULT NULL ,
`updated`  timestamp NOT NULL DEFAULT '0000-00-00 00:00:00' ON UPDATE CURRENT_TIMESTAMP ,
PRIMARY KEY (`id`)
)
ENGINE=InnoDB
DEFAULT CHARACTER SET=utf8 COLLATE=utf8_persian_ci
AUTO_INCREMENT=114

;

-- ----------------------------
-- Records of evt_type
-- ----------------------------
BEGIN;
INSERT INTO `evt_type` VALUES ('1', '1', 'اهدا کمربند ', '0', null, '0000-00-00 00:00:00'), ('3', '2', 'استاژ فنی', '0', null, '0000-00-00 00:00:00'), ('9', '2', 'مسابقه', '1', '2015-04-25 21:42:16', '2015-04-26 02:12:16'), ('110', '2', 'استاژ داوری', '0', '2015-04-26 17:22:49', '2015-04-26 21:52:49'), ('111', '1', 'مسابقه', '1', '2015-05-29 02:50:59', '0000-00-00 00:00:00'), ('112', '2', 'آموزش دفاع شخصی', '0', '2015-07-24 21:37:17', '0000-00-00 00:00:00'), ('113', '1', 'مربی گری', '0', '2015-08-24 14:03:57', '0000-00-00 00:00:00');
COMMIT;

-- ----------------------------
-- Table structure for evtallowsports
-- ----------------------------
DROP TABLE IF EXISTS `evtallowsports`;
CREATE TABLE `evtallowsports` (
`allowSportsID`  int(11) NOT NULL AUTO_INCREMENT ,
`evtID`  int(11) NOT NULL ,
`sportID`  int(11) NOT NULL ,
PRIMARY KEY (`allowSportsID`)
)
ENGINE=InnoDB
DEFAULT CHARACTER SET=utf8 COLLATE=utf8_persian_ci
AUTO_INCREMENT=51

;

-- ----------------------------
-- Records of evtallowsports
-- ----------------------------
BEGIN;
INSERT INTO `evtallowsports` VALUES ('29', '48', '1'), ('30', '49', '1'), ('31', '48', '1'), ('32', '50', '1'), ('33', '50', '4'), ('34', '50', '6'), ('35', '51', '1'), ('36', '51', '4'), ('37', '52', '1'), ('38', '52', '2'), ('39', '52', '5'), ('40', '77', '1'), ('41', '77', '2'), ('42', '77', '3'), ('43', '78', '4'), ('44', '78', '2'), ('45', '79', '4'), ('46', '79', '2'), ('47', '84', '1'), ('48', '84', '2'), ('49', '85', '1'), ('50', '85', '2');
COMMIT;

-- ----------------------------
-- Table structure for evtrequirement
-- ----------------------------
DROP TABLE IF EXISTS `evtrequirement`;
CREATE TABLE `evtrequirement` (
`evtReqID`  int(11) NOT NULL AUTO_INCREMENT ,
`noReq_needed`  tinyint(1) NULL DEFAULT 0 ,
`min_age`  int(11) NULL DEFAULT NULL ,
`max_age`  int(11) NULL DEFAULT NULL ,
`must_referee`  tinyint(1) NULL DEFAULT NULL ,
`must_teacher`  tinyint(1) NULL DEFAULT NULL ,
`min_belt`  int(11) NULL DEFAULT NULL ,
`min_job`  int(11) NULL DEFAULT NULL ,
PRIMARY KEY (`evtReqID`)
)
ENGINE=InnoDB
DEFAULT CHARACTER SET=utf8 COLLATE=utf8_persian_ci
AUTO_INCREMENT=43

;

-- ----------------------------
-- Records of evtrequirement
-- ----------------------------
BEGIN;
INSERT INTO `evtrequirement` VALUES ('36', '0', '20', '30', null, '1', null, null), ('37', '0', '20', '30', null, '1', null, null), ('38', '0', '14', '18', null, null, null, null), ('39', '0', '15', '23', '1', '1', null, null), ('40', '0', '0', '0', null, null, null, null), ('41', '0', '0', '0', null, null, null, null), ('42', '0', '0', '0', null, null, null, null);
COMMIT;

-- ----------------------------
-- Table structure for follow
-- ----------------------------
DROP TABLE IF EXISTS `follow`;
CREATE TABLE `follow` (
`foID`  int(11) NOT NULL AUTO_INCREMENT ,
`foerID`  int(11) NOT NULL ,
`foingID`  int(11) NOT NULL ,
`created`  timestamp NOT NULL DEFAULT CURRENT_TIMESTAMP ,
PRIMARY KEY (`foID`)
)
ENGINE=InnoDB
DEFAULT CHARACTER SET=utf8 COLLATE=utf8_persian_ci
AUTO_INCREMENT=81

;

-- ----------------------------
-- Records of follow
-- ----------------------------
BEGIN;
INSERT INTO `follow` VALUES ('1', '2', '1', '2014-09-21 19:43:58'), ('2', '3', '1', '2014-09-21 19:44:03'), ('3', '4', '1', '2014-09-21 19:44:05'), ('4', '5', '1', '2014-09-21 19:44:08'), ('5', '6', '1', '2014-09-21 19:44:10'), ('7', '1', '5', '2014-09-21 19:44:20'), ('8', '6', '1', '2014-09-21 19:44:24'), ('9', '4', '3', '2014-09-21 19:44:29'), ('10', '5', '6', '2014-09-21 19:44:33'), ('11', '7', '3', '2014-09-21 19:44:40'), ('12', '1', '7', '2014-09-21 19:44:43'), ('13', '3', '7', '2014-09-21 19:44:48'), ('14', '1', '6', '2014-09-26 14:36:38'), ('22', '68', '5', '2014-10-16 10:47:35'), ('25', '71', '70', '2014-10-28 20:51:41'), ('26', '1', '2', '2014-11-05 21:10:01'), ('27', '3', '2', '2014-11-06 01:56:10'), ('28', '2', '70', '2014-11-06 01:59:02'), ('29', '70', '2', '2014-11-06 01:59:31'), ('30', '71', '2', '2014-11-06 01:59:56'), ('31', '1', '70', '2014-11-06 12:35:26'), ('40', '76', '70', '2014-11-27 02:43:42'), ('42', '70', '75', '2014-12-12 16:44:54'), ('43', '70', '76', '2014-12-15 00:49:37'), ('44', '76', '136', '2014-12-22 02:32:27'), ('45', '76', '72', '2014-12-22 15:24:38'), ('47', '86', '87', '2014-12-28 23:11:38'), ('52', '86', '76', '2015-01-01 15:28:43'), ('53', '86', '89', '2015-01-12 20:25:58'), ('55', '70', '86', '2015-05-02 23:12:01'), ('56', '86', '88', '2015-05-04 23:19:59'), ('66', '86', '70', '2015-05-15 22:39:07'), ('67', '86', '85', '2015-05-15 22:43:42'), ('68', '88', '86', '2015-05-22 17:07:48'), ('73', '152', '153', '2015-05-28 00:56:24'), ('74', '152', '125', '2015-05-30 01:54:44'), ('76', '152', '85', '2015-05-31 00:13:32'), ('77', '152', '86', '2015-06-03 11:48:52'), ('79', '152', '191', '2015-07-24 23:42:51'), ('80', '86', '152', '2015-08-23 19:50:52');
COMMIT;

-- ----------------------------
-- Table structure for group_permission
-- ----------------------------
DROP TABLE IF EXISTS `group_permission`;
CREATE TABLE `group_permission` (
`group_per_id`  int(11) NOT NULL AUTO_INCREMENT ,
`group_id`  int(11) NULL DEFAULT NULL ,
`role_id`  int(10) NOT NULL ,
`allow`  tinyint(1) NOT NULL DEFAULT 1 ,
PRIMARY KEY (`group_per_id`)
)
ENGINE=InnoDB
DEFAULT CHARACTER SET=utf8 COLLATE=utf8_persian_ci
AUTO_INCREMENT=42

;

-- ----------------------------
-- Records of group_permission
-- ----------------------------
BEGIN;
INSERT INTO `group_permission` VALUES ('3', '4', '2', '1'), ('5', null, '3', '0'), ('6', null, '4', '0'), ('7', '1', '5', '0'), ('8', null, '5', '0'), ('9', null, '6', '0'), ('10', '1', '6', '0'), ('11', '4', '7', '1'), ('12', '5', '7', '1'), ('13', null, '8', '0'), ('14', null, '9', '0'), ('15', '1', '9', '0'), ('16', null, '10', '0'), ('17', '1', '10', '0'), ('18', '5', '12', '1'), ('19', null, '13', '0'), ('20', null, '0', '1'), ('21', null, '14', '0'), ('22', '1', '14', '1'), ('23', '4', '15', '1'), ('24', '5', '15', '1'), ('25', '1', '16', '0'), ('26', null, '16', '0'), ('27', null, '17', '0'), ('28', '1', '17', '1'), ('29', '4', '12', '1'), ('30', '4', '18', '1'), ('31', '5', '19', '1'), ('32', '5', '16', '1'), ('33', null, '20', '0'), ('34', null, '21', '0'), ('35', null, '1', '0'), ('36', '3', '22', '1'), ('37', '2', '22', '1'), ('38', null, '0', '1'), ('39', null, '0', '1'), ('40', '5', '23', '1'), ('41', '5', '2', '1');
COMMIT;

-- ----------------------------
-- Table structure for gym
-- ----------------------------
DROP TABLE IF EXISTS `gym`;
CREATE TABLE `gym` (
`gym_id`  int(11) NOT NULL AUTO_INCREMENT ,
`stateID`  int(11) NULL DEFAULT NULL ,
`gym_name`  varchar(100) CHARACTER SET utf8 COLLATE utf8_persian_ci NOT NULL ,
`gym_address`  varchar(500) CHARACTER SET utf8 COLLATE utf8_persian_ci NOT NULL ,
`gym_phone`  varchar(12) CHARACTER SET utf8 COLLATE utf8_persian_ci NULL DEFAULT NULL ,
PRIMARY KEY (`gym_id`)
)
ENGINE=InnoDB
DEFAULT CHARACTER SET=utf8 COLLATE=utf8_persian_ci
AUTO_INCREMENT=95

;

-- ----------------------------
-- Records of gym
-- ----------------------------
BEGIN;
INSERT INTO `gym` VALUES ('86', null, 'رامین صادقی از همدان', 'باشگاه رامین صادقی همدان واقع در شهرک امیرکبیر', null), ('87', null, 'باشگاه جدید', 'همدان، همدان، همدان', null), ('88', null, 'باشگاه من در خرداد ماه نود و چهار', 'تهران، تهران، تهران', null), ('90', null, 'شهید نیلی', 'همدان، آرامگاه بوعلی سینا، خیابان بوعلی، رو به روی سینما قدس، کوچه شهید نیلی، باشگاه شهید نیلی', null), ('91', null, 'شهید ناوبر', 'همدان، باشگاه شهید ناوبر', null), ('92', null, 'هاپکیدو', 'البرز، سه راه حافظیه، کوچه آزادگان', null), ('93', null, ' باشگاه من', 'آدرس باشگاه من ', null), ('94', null, 'باشگاه 2 من ', 'آدرس باشگاه 2 من', null);
COMMIT;

-- ----------------------------
-- Table structure for image
-- ----------------------------
DROP TABLE IF EXISTS `image`;
CREATE TABLE `image` (
`fid`  int(11) NOT NULL AUTO_INCREMENT ,
`uid`  int(11) NOT NULL ,
`sid`  int(11) NULL DEFAULT NULL ,
`entity_id`  int(11) NULL DEFAULT NULL ,
`bundle`  varchar(255) CHARACTER SET utf8 COLLATE utf8_persian_ci NOT NULL ,
`image_name`  varchar(255) CHARACTER SET utf8 COLLATE utf8_persian_ci NOT NULL ,
`width`  int(5) NULL DEFAULT NULL ,
`height`  int(5) NULL DEFAULT NULL ,
`src_from_root`  varchar(255) CHARACTER SET utf8 COLLATE utf8_persian_ci NULL DEFAULT NULL ,
`created`  timestamp NULL DEFAULT CURRENT_TIMESTAMP ,
`updated`  datetime NULL DEFAULT NULL ,
PRIMARY KEY (`fid`)
)
ENGINE=InnoDB
DEFAULT CHARACTER SET=utf8 COLLATE=utf8_persian_ci
AUTO_INCREMENT=114

;

-- ----------------------------
-- Records of image
-- ----------------------------
BEGIN;
INSERT INTO `image` VALUES ('67', '152', '2', null, 'cover_photo', '1432732254_152.jpg', null, null, null, '2015-05-27 17:40:56', null), ('68', '86', '2', null, 'cover_photo', '1433335404_86.jpg', null, null, null, '2015-06-03 17:13:26', null), ('69', '86', '2', null, 'cover_photo', '1433335648_86.jpg', null, null, null, '2015-06-03 17:17:31', null), ('70', '86', '2', null, 'cover_photo', '1433335678_86.jpg', null, null, null, '2015-06-03 17:18:00', null), ('71', '86', '2', null, 'cover_photo', '1433335711_86.jpg', null, null, null, '2015-06-03 17:18:33', null), ('72', '86', '2', null, 'cover_photo', '1433335737_86.jpg', null, null, null, '2015-06-03 17:19:00', null), ('73', '86', '2', null, 'cover_photo', '1433335794_86.jpg', null, null, null, '2015-06-03 17:19:57', null), ('74', '86', '2', null, 'cover_photo', '1433335849_86.jpg', null, null, null, '2015-06-03 17:20:52', null), ('75', '86', '2', null, 'cover_photo', '1433335925_86.jpg', null, null, null, '2015-06-03 17:22:08', null), ('76', '86', '2', null, 'cover_photo', '1433336023_86.jpg', null, null, null, '2015-06-03 17:23:46', null), ('77', '86', '2', null, 'cover_photo', '1433336113_86.jpg', null, null, null, '2015-06-03 17:25:15', null), ('78', '86', '2', null, 'cover_photo', '1433336390_86.jpg', null, null, null, '2015-06-03 17:29:53', null), ('79', '86', '2', null, 'cover_photo', '1433336422_86.jpg', null, null, null, '2015-06-03 17:30:25', null), ('80', '86', '2', null, 'cover_photo', '1433336445_86.jpg', null, null, null, '2015-06-03 17:30:48', null), ('81', '86', '2', null, 'cover_photo', '1433336463_86.jpg', null, null, null, '2015-06-03 17:31:06', null), ('82', '86', '2', null, 'cover_photo', '1433336722_86.jpg', null, null, null, '2015-06-03 17:35:25', null), ('83', '86', '2', null, 'cover_photo', '1433336735_86.jpg', null, null, null, '2015-06-03 17:35:38', null), ('84', '86', '2', null, 'cover_photo', '1433336764_86.jpg', null, null, null, '2015-06-03 17:36:07', null), ('85', '86', '2', null, 'cover_photo', '1433336770_86.jpg', null, null, null, '2015-06-03 17:36:13', null), ('86', '86', '2', null, 'cover_photo', '1433338391_86.jpg', null, null, null, '2015-06-03 18:03:14', null), ('87', '86', '2', null, 'cover_photo', '1433338401_86.jpg', null, null, null, '2015-06-03 18:03:23', null), ('88', '86', '2', null, 'cover_photo', '1437760709_86.jpg', null, null, null, '2015-07-24 22:28:32', null), ('89', '86', '2', null, 'cover_photo', '1437760768_86.jpg', null, null, null, '2015-07-24 22:29:30', null), ('90', '86', '2', null, 'cover_photo', '1437760788_86.jpg', null, null, null, '2015-07-24 22:29:51', null), ('91', '86', '2', null, 'cover_photo', '1437760825_86.jpg', null, null, null, '2015-07-24 22:30:28', null), ('92', '86', '2', null, 'cover_photo', '1437760842_86.jpg', null, null, null, '2015-07-24 22:30:45', null), ('93', '152', '1', '1', 'sport_logo', '1438894816_152.jpg', null, null, null, '2015-08-07 01:30:19', null), ('94', '86', null, null, 'cover_photo', '1439579128_86.jpg', null, null, null, '2015-08-14 23:35:31', null), ('95', '86', '2', '2', 'sport_logo', '1440099151_86.jpg', null, null, null, '2015-08-21 00:02:34', null), ('96', '152', '1', '1', 'sport_logo', '1440391388_152.jpg', null, null, null, '2015-08-24 09:13:12', null), ('97', '152', '4', '4', 'sport_logo', '1440391389_152.jpg', null, null, null, '2015-08-24 09:18:45', null), ('98', '152', '1', '1', 'sport_logo', '1440429154_152.jpg', null, null, null, '2015-08-24 19:42:37', null), ('99', '152', '1', '1', 'sport_logo', '1440429220_152.jpg', null, null, null, '2015-08-24 19:43:43', null), ('100', '152', '1', '1', 'sport_logo', '1440429236_152.jpg', null, null, null, '2015-08-24 19:44:01', null), ('101', '152', '1', '1', 'sport_logo', '1440447139_152.jpg', null, null, null, '2015-08-25 00:42:23', null), ('102', '152', '1', '1', 'sport_logo', '1440447815_152.jpg', null, null, null, '2015-08-25 00:53:39', null), ('103', '152', '1', '1', 'sport_logo', '1440447872_152.jpg', null, null, null, '2015-08-25 00:54:36', null), ('104', '152', '1', '1', 'sport_logo', '1440447963_152.jpg', null, null, null, '2015-08-25 00:56:08', null), ('105', '152', '1', '1', 'sport_logo', '1440448639_152.jpg', null, null, null, '2015-08-25 01:07:22', null), ('106', '152', '1', '1', 'sport_logo', '1440448674_152.jpg', null, null, null, '2015-08-25 01:07:58', null), ('109', '152', null, '257', 'post', '1441469002_152.jpg', null, null, null, '2015-09-05 20:33:22', null), ('110', '152', null, '259', 'post', '1441469067_152.jpg', null, null, null, '2015-09-05 20:34:27', null), ('111', '152', null, '260', 'post', '1441469088_152.jpg', null, null, null, '2015-09-05 20:34:48', null), ('112', '152', null, '261', 'post', '1441469253_152.jpg', null, null, null, '2015-09-05 20:37:33', null), ('113', '152', null, '262', 'post', '1441469728_152.jpg', null, null, null, '2015-09-05 20:45:28', null);
COMMIT;

-- ----------------------------
-- Table structure for infotable
-- ----------------------------
DROP TABLE IF EXISTS `infotable`;
CREATE TABLE `infotable` (
`infoID`  int(11) NOT NULL AUTO_INCREMENT ,
`userID`  int(11) NOT NULL ,
`sportID`  int(11) NOT NULL ,
`superiorID`  int(11) NOT NULL ,
`jobID`  int(11) NOT NULL ,
`beltID`  int(11) NULL DEFAULT NULL ,
`is_referee`  tinyint(1) NULL DEFAULT NULL ,
`is_teacher`  tinyint(1) NULL DEFAULT NULL ,
`has_class`  tinyint(1) NULL DEFAULT NULL ,
`is_confirm`  tinyint(1) NULL DEFAULT 0 ,
`insertDate`  timestamp NOT NULL DEFAULT CURRENT_TIMESTAMP ,
`updateDate`  datetime NULL DEFAULT NULL ,
PRIMARY KEY (`infoID`),
FOREIGN KEY (`beltID`) REFERENCES `belt` (`beltID`) ON DELETE RESTRICT ON UPDATE RESTRICT,
FOREIGN KEY (`jobID`) REFERENCES `job` (`jobID`) ON DELETE RESTRICT ON UPDATE RESTRICT,
FOREIGN KEY (`sportID`) REFERENCES `sport` (`sportID`) ON DELETE RESTRICT ON UPDATE RESTRICT,
FOREIGN KEY (`userID`) REFERENCES `user` (`userID`) ON DELETE RESTRICT ON UPDATE RESTRICT,
INDEX `infotable_user_userID` (`userID`) USING BTREE ,
INDEX `infotable_sport_sportID` (`sportID`) USING BTREE ,
INDEX `infotable_job_jobID` (`jobID`) USING BTREE ,
INDEX `infotable_belt_beltID` (`beltID`) USING BTREE 
)
ENGINE=InnoDB
DEFAULT CHARACTER SET=utf8 COLLATE=utf8_persian_ci
AUTO_INCREMENT=168

;

-- ----------------------------
-- Records of infotable
-- ----------------------------
BEGIN;
INSERT INTO `infotable` VALUES ('71', '70', '1', '70', '5', '6', null, '1', null, '1', '2014-10-23 16:39:51', '2015-05-26 23:12:06'), ('72', '70', '2', '70', '4', '11', '1', '1', null, '1', '2014-10-23 17:58:11', '2014-11-25 07:52:28'), ('73', '72', '1', '71', '3', '1', null, '1', null, '1', '2014-10-23 18:00:27', null), ('74', '73', '1', '71', '3', '1', null, '1', null, '1', '2014-10-23 18:00:53', null), ('75', '74', '1', '73', '2', '1', null, '1', null, '1', '2014-10-23 18:01:59', null), ('76', '75', '1', '73', '2', '1', null, '1', null, '1', '2014-10-23 18:01:59', null), ('77', '76', '1', '72', '2', '6', null, '1', null, '1', '2014-10-23 18:04:47', null), ('78', '77', '1', '72', '2', '1', null, '1', null, '1', '2014-10-23 18:04:47', null), ('79', '79', '1', '74', '1', '1', null, null, null, '0', '2014-10-23 18:07:31', null), ('80', '78', '1', '74', '1', '1', null, null, null, '1', '2014-10-23 18:07:31', null), ('81', '85', '1', '75', '1', '1', null, null, null, '1', '2014-10-23 18:08:52', null), ('82', '84', '1', '75', '1', '1', null, null, null, '1', '2014-10-23 18:08:52', null), ('83', '81', '1', '76', '1', '1', null, null, null, '1', '2014-10-23 18:10:52', '2014-11-24 21:12:35'), ('84', '80', '1', '76', '1', '1', null, null, null, '1', '2014-10-23 18:10:52', '2014-11-24 21:12:37'), ('85', '83', '1', '77', '1', '1', null, null, null, '1', '2014-10-23 18:11:39', null), ('86', '82', '1', '77', '1', '10', null, null, null, '1', '2014-10-23 18:11:39', null), ('87', '86', '2', '70', '5', '11', '0', '1', '1', '1', '2014-10-23 18:24:02', '2015-05-26 23:11:53'), ('88', '87', '2', '86', '3', '8', '1', '1', null, '1', '2014-10-23 18:25:53', '2015-05-27 00:47:27'), ('89', '88', '1', '86', '3', '10', '1', '1', null, '1', '2014-10-23 18:25:54', '2015-05-27 04:15:31'), ('92', '91', '2', '87', '2', '1', null, '1', null, '1', '2014-10-23 18:30:51', null), ('93', '92', '2', '87', '2', '1', null, '1', null, '1', '2014-10-23 18:30:51', null), ('94', '89', '2', '88', '2', '1', null, '1', null, '1', '2014-10-23 18:30:51', null), ('95', '90', '2', '88', '2', '1', null, '1', null, '1', '2014-10-23 18:30:51', null), ('96', '93', '2', '89', '1', '1', null, null, null, '1', '2014-10-23 18:33:22', '2014-12-07 14:04:03'), ('97', '94', '2', '89', '1', '1', null, null, null, '1', '2014-10-23 18:33:22', '2014-12-07 14:04:02'), ('98', '99', '2', '90', '1', '1', null, null, null, '1', '2014-10-23 18:35:22', null), ('99', '100', '2', '90', '1', '4', null, null, null, '1', '2014-10-23 18:35:22', null), ('100', '95', '2', '91', '1', '1', null, null, null, '1', '2014-10-23 18:36:18', null), ('101', '96', '2', '91', '1', '1', null, null, null, '1', '2014-10-23 18:36:18', null), ('102', '98', '2', '92', '1', '1', null, null, null, '1', '2014-10-23 18:37:09', null), ('103', '97', '2', '92', '1', '1', null, null, null, '1', '2014-10-23 18:37:09', null), ('104', '101', '4', '70', '4', null, '1', '1', null, '1', '2014-10-23 18:46:04', '2014-12-20 10:16:33'), ('105', '102', '4', '101', '3', '1', null, '1', null, '1', '2014-10-23 18:47:09', null), ('106', '103', '4', '101', '3', '1', null, '1', null, '1', '2014-10-23 18:47:09', null), ('107', '106', '4', '102', '2', '1', null, '1', null, '1', '2014-10-23 18:47:47', null), ('108', '107', '4', '102', '2', '1', null, '1', null, '1', '2014-10-23 18:47:47', null), ('109', '104', '4', '103', '2', '1', null, '1', null, '1', '2014-10-23 18:48:20', null), ('110', '105', '4', '103', '2', '1', null, '1', null, '1', '2014-10-23 18:48:20', null), ('111', '114', '4', '104', '1', '1', null, null, null, '1', '2014-10-23 18:50:30', null), ('112', '115', '4', '104', '1', '1', null, null, null, '1', '2014-10-23 18:50:30', null), ('113', '108', '4', '105', '1', '1', null, null, null, '1', '2014-10-23 18:51:00', null), ('114', '109', '4', '105', '1', '1', null, null, null, '1', '2014-10-23 18:51:00', null), ('115', '110', '4', '106', '1', '1', null, null, null, '1', '2014-10-23 18:51:51', null), ('116', '111', '4', '106', '1', '1', null, null, null, '1', '2014-10-23 18:51:51', null), ('117', '112', '4', '107', '1', '1', null, null, null, '1', '2014-10-23 18:53:34', null), ('118', '113', '4', '107', '1', '1', null, null, null, '1', '2014-10-23 18:53:34', null), ('119', '2', '1', '0', '5', '1', null, '1', null, '1', '2014-10-23 16:39:51', null), ('121', '117', '1', '0', '1', '1', null, null, null, null, '2014-11-19 10:50:56', null), ('122', '118', '1', '76', '5', '1', null, null, null, '1', '2014-11-19 17:10:31', '2014-11-24 21:12:34'), ('126', '122', '4', '105', '1', '1', null, null, null, '1', '2014-11-19 17:32:47', null), ('127', '123', '1', '76', '1', '1', null, null, null, '1', '2014-11-23 01:44:29', '2014-11-24 21:12:33'), ('128', '104', '1', '1', '2', '4', null, null, null, '1', '2014-11-24 22:40:24', null), ('129', '124', '1', '76', '1', '1', null, null, null, '1', '2014-11-25 11:00:07', '2014-11-28 14:22:25'), ('130', '125', '1', '76', '3', '1', null, null, null, '1', '2014-11-26 20:38:45', '2014-11-27 08:44:36'), ('131', '126', '1', '76', '1', '1', null, null, null, '1', '2014-11-27 12:23:35', '2014-11-27 08:55:16'), ('132', '127', '1', '72', '1', '1', null, null, null, null, '2014-12-01 02:35:52', null), ('133', '132', '1', '76', '1', '1', null, null, null, '1', '2014-12-12 17:46:42', '2014-12-12 14:26:41'), ('134', '133', '1', '76', '1', '1', null, null, null, '1', '2014-12-17 01:24:53', '2014-12-16 21:55:29'), ('136', '135', '1', '76', '1', '6', null, null, null, '1', '2014-12-22 02:20:03', '2014-12-21 23:00:23'), ('137', '136', '1', '76', '1', '4', null, '1', null, '1', '2014-12-22 02:25:48', '2014-12-21 23:00:01'), ('138', '137', '1', '76', '1', '1', null, null, null, '1', '2014-12-22 02:29:05', '2014-12-21 22:59:32'), ('140', '139', '1', '72', '1', '1', null, null, null, '0', '2015-05-25 01:53:57', null), ('146', '145', '1', '72', '1', '1', null, null, null, '0', '2015-05-25 02:10:46', null), ('147', '146', '1', '72', '1', '1', null, null, null, '0', '2015-05-25 02:13:02', null), ('148', '147', '1', '72', '1', '1', null, null, null, '0', '2015-05-25 02:19:26', null), ('151', '150', '1', '72', '1', '1', null, null, null, '0', '2015-05-25 02:22:13', null), ('152', '151', '2', '86', '1', '12', '1', '1', '1', '1', '2015-05-25 02:41:05', '2015-05-27 04:14:04'), ('153', '152', '1', '152', '4', '20', '1', '1', '1', '1', '2015-05-27 16:45:40', '2015-05-27 04:14:04'), ('154', '153', '1', '152', '3', '16', '1', '1', null, '1', '2015-05-27 18:35:35', '2015-05-27 18:36:13'), ('155', '154', '1', '152', '3', '1', null, null, null, '1', '2015-05-28 01:50:00', '2015-05-28 01:50:43'), ('156', '155', '1', '152', '3', '13', '1', '1', null, '1', '2015-05-28 01:57:52', '2015-05-28 01:59:04'), ('157', '156', '1', '152', '3', '14', '1', '1', null, '1', '2015-05-28 02:02:44', '2015-05-28 02:06:18'), ('158', '157', '1', '152', '3', '13', '1', '1', null, '1', '2015-05-28 02:10:16', '2015-05-29 02:50:01'), ('160', '159', '1', '152', '3', '16', '1', '1', null, '1', '2015-05-28 02:36:15', '2015-05-28 02:36:29'), ('161', '160', '1', '152', '3', '16', '1', '1', null, '1', '2015-05-28 22:11:25', '2015-05-29 02:49:37'), ('163', '189', '1', '152', '2', '1', null, null, null, '0', '2015-07-24 23:38:55', '2015-08-23 11:01:51'), ('164', '190', '1', '152', '2', '1', null, null, null, '0', '2015-07-24 23:39:18', '2015-08-23 11:01:53'), ('165', '191', '1', '152', '1', '3', '0', '0', null, '0', '2015-07-24 23:39:36', '2015-08-23 11:01:49'), ('166', '192', '2', '70', '2', '7', null, null, null, '1', '2015-08-23 22:41:19', '2015-08-26 22:00:45'), ('167', '193', '1', '152', '3', '14', '0', '1', null, '1', '2015-08-24 13:42:39', '2015-08-24 13:44:45');
COMMIT;

-- ----------------------------
-- Table structure for job
-- ----------------------------
DROP TABLE IF EXISTS `job`;
CREATE TABLE `job` (
`jobID`  int(11) NOT NULL AUTO_INCREMENT ,
`jobName`  varchar(25) CHARACTER SET utf8 COLLATE utf8_persian_ci NOT NULL ,
`jobValue`  int(11) NOT NULL ,
`bundle`  varchar(255) CHARACTER SET utf8 COLLATE utf8_persian_ci NOT NULL ,
`updated`  timestamp NULL DEFAULT NULL ON UPDATE CURRENT_TIMESTAMP ,
PRIMARY KEY (`jobID`)
)
ENGINE=InnoDB
DEFAULT CHARACTER SET=utf8 COLLATE=utf8_persian_ci
AUTO_INCREMENT=7

;

-- ----------------------------
-- Records of job
-- ----------------------------
BEGIN;
INSERT INTO `job` VALUES ('1', 'شاگرد', '0', 'sport', '2015-05-27 17:11:30'), ('2', 'استاد', '5', 'sport', '2015-05-27 17:11:32'), ('3', 'نماینده استان', '10', 'sport', '2015-05-27 17:11:34'), ('4', 'رییس سبک', '15', 'sport', '2015-05-27 17:11:36'), ('5', 'ادمین', '37', 'admin', '2015-05-27 17:11:41'), ('6', 'بازدیدکنندگان', '0', 'admin', '2015-05-27 17:11:44');
COMMIT;

-- ----------------------------
-- Table structure for like
-- ----------------------------
DROP TABLE IF EXISTS `like`;
CREATE TABLE `like` (
`id`  int(11) NOT NULL AUTO_INCREMENT ,
`bundle`  varchar(255) CHARACTER SET utf8 COLLATE utf8_persian_ci NOT NULL ,
`entity_id`  int(11) NOT NULL ,
`author_id`  int(11) NOT NULL ,
`created`  timestamp NOT NULL DEFAULT CURRENT_TIMESTAMP ,
PRIMARY KEY (`id`)
)
ENGINE=InnoDB
DEFAULT CHARACTER SET=utf8 COLLATE=utf8_persian_ci
AUTO_INCREMENT=49

;

-- ----------------------------
-- Records of like
-- ----------------------------
BEGIN;
COMMIT;

-- ----------------------------
-- Table structure for match_level
-- ----------------------------
DROP TABLE IF EXISTS `match_level`;
CREATE TABLE `match_level` (
`mtchLvlID`  int(11) NOT NULL AUTO_INCREMENT ,
`evtID`  int(11) NOT NULL ,
`matchWID`  int(11) NOT NULL ,
`F1UserID`  int(11) NULL DEFAULT NULL ,
`F2UserID`  int(11) NULL DEFAULT NULL ,
`winID`  int(11) NULL DEFAULT NULL ,
`loseID`  int(11) NULL DEFAULT NULL ,
`level`  int(11) NOT NULL ,
`subLevel`  int(11) NOT NULL ,
PRIMARY KEY (`mtchLvlID`)
)
ENGINE=InnoDB
DEFAULT CHARACTER SET=utf8 COLLATE=utf8_persian_ci
AUTO_INCREMENT=1

;

-- ----------------------------
-- Records of match_level
-- ----------------------------
BEGIN;
COMMIT;

-- ----------------------------
-- Table structure for match_weight
-- ----------------------------
DROP TABLE IF EXISTS `match_weight`;
CREATE TABLE `match_weight` (
`matchWID`  int(11) NOT NULL AUTO_INCREMENT ,
`evtID`  int(11) NULL DEFAULT NULL ,
`subBranchID`  int(11) NULL DEFAULT NULL ,
`min_age`  int(11) NOT NULL ,
`max_age`  int(11) NOT NULL ,
`age_class_name`  varchar(50) CHARACTER SET utf8 COLLATE utf8_persian_ci NOT NULL ,
`min_weight`  int(11) NOT NULL ,
`max_weight`  int(11) NOT NULL ,
`weight_class_name`  varchar(50) CHARACTER SET utf8 COLLATE utf8_persian_ci NOT NULL ,
PRIMARY KEY (`matchWID`)
)
ENGINE=InnoDB
DEFAULT CHARACTER SET=utf8 COLLATE=utf8_persian_ci
AUTO_INCREMENT=63

;

-- ----------------------------
-- Records of match_weight
-- ----------------------------
BEGIN;
INSERT INTO `match_weight` VALUES ('3', '76', null, '12', '18', 'جوانان', '10', '18', 'سبک'), ('4', '76', null, '12', '18', 'جوانان', '23', '25', 'میان'), ('17', '76', null, '10', '13', 'نونهالان', '10', '14', 'آزمایش برای مشاهده طول وزن و طول بیشتر نیز هم'), ('18', '76', null, '10', '13', 'نونهالان', '15', '18', 'وزن 2'), ('19', '76', null, '10', '13', 'نونهالان', '19', '23', 'وزن 3'), ('20', '76', null, '18', '25', 'بزرگسالان', '50', '60', 'وزن 1'), ('21', '76', null, '18', '25', 'بزرگسالان', '61', '70', 'وزن 2'), ('22', '76', null, '18', '27', 'بزرگسالان', '71', '100', 'سنگین وزن'), ('23', '76', null, '65', '85', 'پیشکسوتان', '50', '65', 'وزن اول'), ('24', '76', null, '65', '85', 'پیشکسوتان', '70', '90', 'وزن دوم'), ('25', '77', null, '20', '30', 'بزرگسالان', '40', '50', 'سبک وزن'), ('26', '77', null, '20', '30', 'بزرگسالان', '51', '60', 'وزن 2'), ('27', '77', null, '20', '30', 'بزرگسالان', '61', '80', 'وزن 3'), ('28', '77', null, '40', '60', 'پیشکسوتان', '50', '70', 'وزن 1'), ('29', '77', null, '40', '60', 'پیشکسوتان', '71', '80', 'وزن 2'), ('30', '77', null, '40', '60', 'پیشکسوتان', '50', '70', 'وزن 1'), ('31', '77', null, '40', '60', 'پیشکسوتان', '71', '80', 'وزن 2'), ('32', '79', null, '10', '15', 'جوانان', '15', '20', 'سبک وزن'), ('33', '79', null, '10', '15', 'جوانان', '21', '25', 'وزن 2'), ('34', '79', null, '10', '15', 'جوانان', '26', '30', 'وزن 3'), ('35', '79', null, '10', '15', 'جوانان', '30', '40', 'سنگین وزن'), ('36', '79', null, '20', '30', 'بزرگسالان', '40', '55', 'وزن اول'), ('37', '79', null, '20', '30', 'بزرگسالان', '56', '65', 'وزن دوم'), ('38', '79', null, '20', '30', 'بزرگسالان', '66', '75', 'وزن سوم'), ('39', '79', null, '20', '30', 'بزرگسالان', '76', '85', 'وزن  چهارم'), ('41', '79', null, '8', '11', 'نونهالان', '16', '20', 'وزن اول'), ('42', '79', null, '8', '11', 'نونهالان', '21', '25', 'وزن دوم'), ('43', '83', null, '16', '18', 'نوجوانان', '30', '35', 'وزن 1'), ('44', '83', null, '16', '18', 'نوجوانان', '36', '40', 'وزن 2'), ('45', '83', null, '16', '18', 'نوجوانان', '41', '50', 'وزن 3'), ('46', '84', null, '10', '15', 'نونهالان', '15', '20', 'وزن اول'), ('47', '84', null, '10', '15', 'نونهالان', '21', '25', 'وزن دوم'), ('48', '84', null, '10', '15', 'نونهالان', '26', '30', 'وزن سوم'), ('49', '84', null, '16', '20', 'جوانان', '20', '30', 'وزن اول'), ('50', '84', null, '16', '20', 'جوانان', '31', '40', 'وزن دوم'), ('51', '84', null, '16', '20', 'جوانان', '41', '50', 'وزن سوم'), ('52', '84', null, '21', '40', 'بزرگسالان', '50', '59', 'وزن اول'), ('53', '84', null, '21', '40', 'بزرگسالان', '60', '69', 'وزن دوم'), ('54', '84', null, '21', '40', 'بزرگسالان', '70', '79', 'وزن سوم'), ('55', '84', null, '21', '40', 'بزرگسالان', '80', '89', 'وزن چهارم'), ('56', '85', null, '7', '9', 'خردسال', '25', '28', '+25'), ('57', '85', null, '7', '9', 'خردسال', '29', '33', 'وزن 2'), ('58', '85', null, '7', '9', 'خردسال', '35', '39', 'وزن'), ('59', '85', null, '12', '17', 'نوجوانان', '35', '40', 'وزن 1'), ('60', '85', null, '12', '17', 'نوجوانان', '40', '45', 'وزن 2'), ('61', '85', null, '12', '17', 'نوجوانان', '45', '50', 'وزن 3'), ('62', '87', null, '10', '50', 'جوانان', '5', '80', 'همه اوزان');
COMMIT;

-- ----------------------------
-- Table structure for matches_data
-- ----------------------------
DROP TABLE IF EXISTS `matches_data`;
CREATE TABLE `matches_data` (
`id`  int(11) NOT NULL AUTO_INCREMENT ,
`event_id`  int(11) NOT NULL ,
`mwid`  int(11) NOT NULL ,
`uid`  int(11) NOT NULL ,
`matches_data`  blob NOT NULL ,
`created`  timestamp NOT NULL DEFAULT CURRENT_TIMESTAMP ON UPDATE CURRENT_TIMESTAMP ,
PRIMARY KEY (`id`)
)
ENGINE=InnoDB
DEFAULT CHARACTER SET=utf8 COLLATE=utf8_persian_ci
AUTO_INCREMENT=75

;

-- ----------------------------
-- Records of matches_data
-- ----------------------------
BEGIN;
INSERT INTO `matches_data` VALUES ('20', '76', '4', '86', 0x613A323A7B733A373A22726573756C7473223B613A343A7B693A303B613A323A7B693A303B693A303B693A313B693A313B7D693A313B613A303A7B7D693A323B613A303A7B7D693A333B613A323A7B693A303B693A313B693A313B693A303B7D7D733A353A227465616D73223B613A343A7B693A303B613A323A7B693A303B733A31343A22D8A7D8B3D8AAD8B1D8A7D8ADD8AA223B693A313B733A31323A22D986DA98D986D8AF204B4846223B7D693A313B613A323A7B693A303B733A33313A22D8B1D988D8AD20D8A7D984D984D98720D8B5D8A7D8AFD98220D986D8B3D8A8223B693A313B733A31393A22DAA9D8A7D8B8D98520D8A7D8AED988D8A7D986223B7D693A323B613A323A7B693A303B733A31323A22D986DA98D986D8AF20474846223B693A313B733A31323A22D8ADD985DB8CD8AF20474846223B7D693A333B613A323A7B693A303B733A31343A22D8B2D8A7D8B1D8B9DB8C20474846223B693A313B733A31343A22D8A7D8B3D8AAD8B1D8A7D8ADD8AA223B7D7D7D, '2015-05-14 23:39:10'), ('21', '76', '3', '86', 0x613A323A7B733A373A22726573756C7473223B613A383A7B693A303B613A323A7B693A303B693A303B693A313B693A313B7D693A313B613A323A7B693A303B693A303B693A313B693A313B7D693A323B613A323A7B693A303B693A303B693A313B693A313B7D693A333B613A303A7B7D693A343B613A303A7B7D693A353B613A303A7B7D693A363B613A323A7B693A303B693A313B693A313B693A303B7D693A373B613A323A7B693A303B693A313B693A313B693A303B7D7D733A353A227465616D73223B613A383A7B693A303B613A323A7B693A303B733A31343A22D8A7D8B3D8AAD8B1D8A7D8ADD8AA223B693A313B733A32313A22D8A8D987D8B1D988D8B220D988D8ABD988D982DB8C223B7D693A313B613A323A7B693A303B733A31343A22D8A7D8B3D8AAD8B1D8A7D8ADD8AA223B693A313B733A31393A22D8B9D984DB8C20D8A7D8B5D8ADD8A7D8A8DB8C223B7D693A323B613A323A7B693A303B733A31343A22D8A7D8B3D8AAD8B1D8A7D8ADD8AA223B693A313B733A31383A22D8B9D984DB8C2020D8B2D8A7D8B1D8B9DB8C223B7D693A333B613A323A7B693A303B733A31323A22D8A8D987D8A7D8B120474846223B693A313B733A31343A22D981D8B1D8B4D8A7D8AF20474846223B7D693A343B613A323A7B693A303B733A31343A22D8A7D8B3DAAFD8B1DB8C20474846223B693A313B733A31303A22D8A2D8B1D8B4204B4846223B7D693A353B613A323A7B693A303B733A31303A22D8B1D8B6D8A720474846223B693A313B733A31323A22D8B4D987D8A7D8A820474846223B7D693A363B613A323A7B693A303B733A31323A22D8ADD8A7D985D8AF20474846223B693A313B733A31343A22D8A7D8B3D8AAD8B1D8A7D8ADD8AA223B7D693A373B613A323A7B693A303B733A31343A22D8B1D8A7D985DB8CD98620474846223B693A313B733A31343A22D8A7D8B3D8AAD8B1D8A7D8ADD8AA223B7D7D7D, '2015-05-14 23:39:12'), ('22', '76', '3', '152', 0x4F3A383A22737464436C617373223A323A7B733A373A22726573756C7473223B613A313A7B693A303B613A343A7B693A303B613A383A7B693A303B613A323A7B693A303B693A303B693A313B693A313B7D693A313B613A323A7B693A303B693A303B693A313B693A313B7D693A323B613A323A7B693A303B693A303B693A313B693A313B7D693A333B613A323A7B693A303B693A353B693A313B4E3B7D693A343B613A323A7B693A303B4E3B693A313B4E3B7D693A353B613A323A7B693A303B4E3B693A313B4E3B7D693A363B613A323A7B693A303B693A313B693A313B693A303B7D693A373B613A323A7B693A303B693A313B693A313B693A303B7D7D693A313B613A343A7B693A303B613A323A7B693A303B4E3B693A313B4E3B7D693A313B613A323A7B693A303B4E3B693A313B4E3B7D693A323B613A323A7B693A303B4E3B693A313B4E3B7D693A333B613A323A7B693A303B4E3B693A313B4E3B7D7D693A323B613A323A7B693A303B613A323A7B693A303B4E3B693A313B4E3B7D693A313B613A323A7B693A303B4E3B693A313B4E3B7D7D693A333B613A323A7B693A303B613A323A7B693A303B4E3B693A313B4E3B7D693A313B613A323A7B693A303B4E3B693A313B4E3B7D7D7D7D733A353A227465616D73223B613A383A7B693A303B613A323A7B693A303B733A31343A22D8A7D8B3D8AAD8B1D8A7D8ADD8AA223B693A313B733A32313A22D8A8D987D8B1D988D8B220D988D8ABD988D982DB8C223B7D693A313B613A323A7B693A303B733A31343A22D8A7D8B3D8AAD8B1D8A7D8ADD8AA223B693A313B733A31393A22D8B9D984DB8C20D8A7D8B5D8ADD8A7D8A8DB8C223B7D693A323B613A323A7B693A303B733A31343A22D8A7D8B3D8AAD8B1D8A7D8ADD8AA223B693A313B733A31383A22D8B9D984DB8C2020D8B2D8A7D8B1D8B9DB8C223B7D693A333B613A323A7B693A303B733A31323A22D8A8D987D8A7D8B120474846223B693A313B733A31343A22D981D8B1D8B4D8A7D8AF20474846223B7D693A343B613A323A7B693A303B733A31343A22D8A7D8B3DAAFD8B1DB8C20474846223B693A313B733A31303A22D8A2D8B1D8B4204B4846223B7D693A353B613A323A7B693A303B733A31303A22D8B1D8B6D8A720474846223B693A313B733A31323A22D8B4D987D8A7D8A820474846223B7D693A363B613A323A7B693A303B733A31323A22D8ADD8A7D985D8AF20474846223B693A313B733A31343A22D8A7D8B3D8AAD8B1D8A7D8ADD8AA223B7D693A373B613A323A7B693A303B733A31343A22D8B1D8A7D985DB8CD98620474846223B693A313B733A31343A22D8A7D8B3D8AAD8B1D8A7D8ADD8AA223B7D7D7D, '2015-08-24 14:31:36'), ('23', '76', '3', '152', 0x4F3A383A22737464436C617373223A323A7B733A373A22726573756C7473223B613A313A7B693A303B613A343A7B693A303B613A383A7B693A303B613A323A7B693A303B693A303B693A313B693A313B7D693A313B613A323A7B693A303B693A303B693A313B693A313B7D693A323B613A323A7B693A303B693A303B693A313B693A313B7D693A333B613A323A7B693A303B693A353B693A313B693A363B7D693A343B613A323A7B693A303B4E3B693A313B4E3B7D693A353B613A323A7B693A303B4E3B693A313B4E3B7D693A363B613A323A7B693A303B693A313B693A313B693A303B7D693A373B613A323A7B693A303B693A313B693A313B693A303B7D7D693A313B613A343A7B693A303B613A323A7B693A303B4E3B693A313B4E3B7D693A313B613A323A7B693A303B4E3B693A313B4E3B7D693A323B613A323A7B693A303B4E3B693A313B4E3B7D693A333B613A323A7B693A303B4E3B693A313B4E3B7D7D693A323B613A323A7B693A303B613A323A7B693A303B4E3B693A313B4E3B7D693A313B613A323A7B693A303B4E3B693A313B4E3B7D7D693A333B613A323A7B693A303B613A323A7B693A303B4E3B693A313B4E3B7D693A313B613A323A7B693A303B4E3B693A313B4E3B7D7D7D7D733A353A227465616D73223B613A383A7B693A303B613A323A7B693A303B733A31343A22D8A7D8B3D8AAD8B1D8A7D8ADD8AA223B693A313B733A32313A22D8A8D987D8B1D988D8B220D988D8ABD988D982DB8C223B7D693A313B613A323A7B693A303B733A31343A22D8A7D8B3D8AAD8B1D8A7D8ADD8AA223B693A313B733A31393A22D8B9D984DB8C20D8A7D8B5D8ADD8A7D8A8DB8C223B7D693A323B613A323A7B693A303B733A31343A22D8A7D8B3D8AAD8B1D8A7D8ADD8AA223B693A313B733A31383A22D8B9D984DB8C2020D8B2D8A7D8B1D8B9DB8C223B7D693A333B613A323A7B693A303B733A31323A22D8A8D987D8A7D8B120474846223B693A313B733A31343A22D981D8B1D8B4D8A7D8AF20474846223B7D693A343B613A323A7B693A303B733A31343A22D8A7D8B3DAAFD8B1DB8C20474846223B693A313B733A31303A22D8A2D8B1D8B4204B4846223B7D693A353B613A323A7B693A303B733A31303A22D8B1D8B6D8A720474846223B693A313B733A31323A22D8B4D987D8A7D8A820474846223B7D693A363B613A323A7B693A303B733A31323A22D8ADD8A7D985D8AF20474846223B693A313B733A31343A22D8A7D8B3D8AAD8B1D8A7D8ADD8AA223B7D693A373B613A323A7B693A303B733A31343A22D8B1D8A7D985DB8CD98620474846223B693A313B733A31343A22D8A7D8B3D8AAD8B1D8A7D8ADD8AA223B7D7D7D, '2015-08-24 14:31:40'), ('24', '76', '3', '152', 0x4F3A383A22737464436C617373223A323A7B733A373A22726573756C7473223B613A313A7B693A303B613A343A7B693A303B613A383A7B693A303B613A323A7B693A303B693A303B693A313B693A313B7D693A313B613A323A7B693A303B693A303B693A313B693A313B7D693A323B613A323A7B693A303B693A303B693A313B693A313B7D693A333B613A323A7B693A303B693A353B693A313B693A363B7D693A343B613A323A7B693A303B693A343B693A313B4E3B7D693A353B613A323A7B693A303B4E3B693A313B4E3B7D693A363B613A323A7B693A303B693A313B693A313B693A303B7D693A373B613A323A7B693A303B693A313B693A313B693A303B7D7D693A313B613A343A7B693A303B613A323A7B693A303B4E3B693A313B4E3B7D693A313B613A323A7B693A303B4E3B693A313B4E3B7D693A323B613A323A7B693A303B4E3B693A313B4E3B7D693A333B613A323A7B693A303B4E3B693A313B4E3B7D7D693A323B613A323A7B693A303B613A323A7B693A303B4E3B693A313B4E3B7D693A313B613A323A7B693A303B4E3B693A313B4E3B7D7D693A333B613A323A7B693A303B613A323A7B693A303B4E3B693A313B4E3B7D693A313B613A323A7B693A303B4E3B693A313B4E3B7D7D7D7D733A353A227465616D73223B613A383A7B693A303B613A323A7B693A303B733A31343A22D8A7D8B3D8AAD8B1D8A7D8ADD8AA223B693A313B733A32313A22D8A8D987D8B1D988D8B220D988D8ABD988D982DB8C223B7D693A313B613A323A7B693A303B733A31343A22D8A7D8B3D8AAD8B1D8A7D8ADD8AA223B693A313B733A31393A22D8B9D984DB8C20D8A7D8B5D8ADD8A7D8A8DB8C223B7D693A323B613A323A7B693A303B733A31343A22D8A7D8B3D8AAD8B1D8A7D8ADD8AA223B693A313B733A31383A22D8B9D984DB8C2020D8B2D8A7D8B1D8B9DB8C223B7D693A333B613A323A7B693A303B733A31323A22D8A8D987D8A7D8B120474846223B693A313B733A31343A22D981D8B1D8B4D8A7D8AF20474846223B7D693A343B613A323A7B693A303B733A31343A22D8A7D8B3DAAFD8B1DB8C20474846223B693A313B733A31303A22D8A2D8B1D8B4204B4846223B7D693A353B613A323A7B693A303B733A31303A22D8B1D8B6D8A720474846223B693A313B733A31323A22D8B4D987D8A7D8A820474846223B7D693A363B613A323A7B693A303B733A31323A22D8ADD8A7D985D8AF20474846223B693A313B733A31343A22D8A7D8B3D8AAD8B1D8A7D8ADD8AA223B7D693A373B613A323A7B693A303B733A31343A22D8B1D8A7D985DB8CD98620474846223B693A313B733A31343A22D8A7D8B3D8AAD8B1D8A7D8ADD8AA223B7D7D7D, '2015-08-24 14:31:57'), ('25', '76', '3', '152', 0x4F3A383A22737464436C617373223A323A7B733A373A22726573756C7473223B613A313A7B693A303B613A343A7B693A303B613A383A7B693A303B613A323A7B693A303B693A303B693A313B693A313B7D693A313B613A323A7B693A303B693A303B693A313B693A313B7D693A323B613A323A7B693A303B693A303B693A313B693A313B7D693A333B613A323A7B693A303B693A353B693A313B693A363B7D693A343B613A323A7B693A303B693A343B693A313B693A353B7D693A353B613A323A7B693A303B4E3B693A313B4E3B7D693A363B613A323A7B693A303B693A313B693A313B693A303B7D693A373B613A323A7B693A303B693A313B693A313B693A303B7D7D693A313B613A343A7B693A303B613A323A7B693A303B4E3B693A313B4E3B7D693A313B613A323A7B693A303B4E3B693A313B4E3B7D693A323B613A323A7B693A303B4E3B693A313B4E3B7D693A333B613A323A7B693A303B4E3B693A313B4E3B7D7D693A323B613A323A7B693A303B613A323A7B693A303B4E3B693A313B4E3B7D693A313B613A323A7B693A303B4E3B693A313B4E3B7D7D693A333B613A323A7B693A303B613A323A7B693A303B4E3B693A313B4E3B7D693A313B613A323A7B693A303B4E3B693A313B4E3B7D7D7D7D733A353A227465616D73223B613A383A7B693A303B613A323A7B693A303B733A31343A22D8A7D8B3D8AAD8B1D8A7D8ADD8AA223B693A313B733A32313A22D8A8D987D8B1D988D8B220D988D8ABD988D982DB8C223B7D693A313B613A323A7B693A303B733A31343A22D8A7D8B3D8AAD8B1D8A7D8ADD8AA223B693A313B733A31393A22D8B9D984DB8C20D8A7D8B5D8ADD8A7D8A8DB8C223B7D693A323B613A323A7B693A303B733A31343A22D8A7D8B3D8AAD8B1D8A7D8ADD8AA223B693A313B733A31383A22D8B9D984DB8C2020D8B2D8A7D8B1D8B9DB8C223B7D693A333B613A323A7B693A303B733A31323A22D8A8D987D8A7D8B120474846223B693A313B733A31343A22D981D8B1D8B4D8A7D8AF20474846223B7D693A343B613A323A7B693A303B733A31343A22D8A7D8B3DAAFD8B1DB8C20474846223B693A313B733A31303A22D8A2D8B1D8B4204B4846223B7D693A353B613A323A7B693A303B733A31303A22D8B1D8B6D8A720474846223B693A313B733A31323A22D8B4D987D8A7D8A820474846223B7D693A363B613A323A7B693A303B733A31323A22D8ADD8A7D985D8AF20474846223B693A313B733A31343A22D8A7D8B3D8AAD8B1D8A7D8ADD8AA223B7D693A373B613A323A7B693A303B733A31343A22D8B1D8A7D985DB8CD98620474846223B693A313B733A31343A22D8A7D8B3D8AAD8B1D8A7D8ADD8AA223B7D7D7D, '2015-08-24 14:32:01'), ('26', '76', '3', '152', 0x4F3A383A22737464436C617373223A323A7B733A373A22726573756C7473223B613A313A7B693A303B613A343A7B693A303B613A383A7B693A303B613A323A7B693A303B693A303B693A313B693A313B7D693A313B613A323A7B693A303B693A303B693A313B693A313B7D693A323B613A323A7B693A303B693A303B693A313B693A313B7D693A333B613A323A7B693A303B693A353B693A313B693A363B7D693A343B613A323A7B693A303B693A343B693A313B693A353B7D693A353B613A323A7B693A303B693A343B693A313B4E3B7D693A363B613A323A7B693A303B693A313B693A313B693A303B7D693A373B613A323A7B693A303B693A313B693A313B693A303B7D7D693A313B613A343A7B693A303B613A323A7B693A303B4E3B693A313B4E3B7D693A313B613A323A7B693A303B4E3B693A313B4E3B7D693A323B613A323A7B693A303B4E3B693A313B4E3B7D693A333B613A323A7B693A303B4E3B693A313B4E3B7D7D693A323B613A323A7B693A303B613A323A7B693A303B4E3B693A313B4E3B7D693A313B613A323A7B693A303B4E3B693A313B4E3B7D7D693A333B613A323A7B693A303B613A323A7B693A303B4E3B693A313B4E3B7D693A313B613A323A7B693A303B4E3B693A313B4E3B7D7D7D7D733A353A227465616D73223B613A383A7B693A303B613A323A7B693A303B733A31343A22D8A7D8B3D8AAD8B1D8A7D8ADD8AA223B693A313B733A32313A22D8A8D987D8B1D988D8B220D988D8ABD988D982DB8C223B7D693A313B613A323A7B693A303B733A31343A22D8A7D8B3D8AAD8B1D8A7D8ADD8AA223B693A313B733A31393A22D8B9D984DB8C20D8A7D8B5D8ADD8A7D8A8DB8C223B7D693A323B613A323A7B693A303B733A31343A22D8A7D8B3D8AAD8B1D8A7D8ADD8AA223B693A313B733A31383A22D8B9D984DB8C2020D8B2D8A7D8B1D8B9DB8C223B7D693A333B613A323A7B693A303B733A31323A22D8A8D987D8A7D8B120474846223B693A313B733A31343A22D981D8B1D8B4D8A7D8AF20474846223B7D693A343B613A323A7B693A303B733A31343A22D8A7D8B3DAAFD8B1DB8C20474846223B693A313B733A31303A22D8A2D8B1D8B4204B4846223B7D693A353B613A323A7B693A303B733A31303A22D8B1D8B6D8A720474846223B693A313B733A31323A22D8B4D987D8A7D8A820474846223B7D693A363B613A323A7B693A303B733A31323A22D8ADD8A7D985D8AF20474846223B693A313B733A31343A22D8A7D8B3D8AAD8B1D8A7D8ADD8AA223B7D693A373B613A323A7B693A303B733A31343A22D8B1D8A7D985DB8CD98620474846223B693A313B733A31343A22D8A7D8B3D8AAD8B1D8A7D8ADD8AA223B7D7D7D, '2015-08-24 14:32:04'), ('27', '76', '3', '152', 0x4F3A383A22737464436C617373223A323A7B733A373A22726573756C7473223B613A313A7B693A303B613A343A7B693A303B613A383A7B693A303B613A323A7B693A303B693A303B693A313B693A313B7D693A313B613A323A7B693A303B693A303B693A313B693A313B7D693A323B613A323A7B693A303B693A303B693A313B693A313B7D693A333B613A323A7B693A303B693A353B693A313B693A363B7D693A343B613A323A7B693A303B693A343B693A313B693A353B7D693A353B613A323A7B693A303B693A343B693A313B693A333B7D693A363B613A323A7B693A303B693A313B693A313B693A303B7D693A373B613A323A7B693A303B693A313B693A313B693A303B7D7D693A313B613A343A7B693A303B613A323A7B693A303B4E3B693A313B4E3B7D693A313B613A323A7B693A303B4E3B693A313B4E3B7D693A323B613A323A7B693A303B4E3B693A313B4E3B7D693A333B613A323A7B693A303B4E3B693A313B4E3B7D7D693A323B613A323A7B693A303B613A323A7B693A303B4E3B693A313B4E3B7D693A313B613A323A7B693A303B4E3B693A313B4E3B7D7D693A333B613A323A7B693A303B613A323A7B693A303B4E3B693A313B4E3B7D693A313B613A323A7B693A303B4E3B693A313B4E3B7D7D7D7D733A353A227465616D73223B613A383A7B693A303B613A323A7B693A303B733A31343A22D8A7D8B3D8AAD8B1D8A7D8ADD8AA223B693A313B733A32313A22D8A8D987D8B1D988D8B220D988D8ABD988D982DB8C223B7D693A313B613A323A7B693A303B733A31343A22D8A7D8B3D8AAD8B1D8A7D8ADD8AA223B693A313B733A31393A22D8B9D984DB8C20D8A7D8B5D8ADD8A7D8A8DB8C223B7D693A323B613A323A7B693A303B733A31343A22D8A7D8B3D8AAD8B1D8A7D8ADD8AA223B693A313B733A31383A22D8B9D984DB8C2020D8B2D8A7D8B1D8B9DB8C223B7D693A333B613A323A7B693A303B733A31323A22D8A8D987D8A7D8B120474846223B693A313B733A31343A22D981D8B1D8B4D8A7D8AF20474846223B7D693A343B613A323A7B693A303B733A31343A22D8A7D8B3DAAFD8B1DB8C20474846223B693A313B733A31303A22D8A2D8B1D8B4204B4846223B7D693A353B613A323A7B693A303B733A31303A22D8B1D8B6D8A720474846223B693A313B733A31323A22D8B4D987D8A7D8A820474846223B7D693A363B613A323A7B693A303B733A31323A22D8ADD8A7D985D8AF20474846223B693A313B733A31343A22D8A7D8B3D8AAD8B1D8A7D8ADD8AA223B7D693A373B613A323A7B693A303B733A31343A22D8B1D8A7D985DB8CD98620474846223B693A313B733A31343A22D8A7D8B3D8AAD8B1D8A7D8ADD8AA223B7D7D7D, '2015-08-24 14:32:07'), ('28', '76', '3', '152', 0x4F3A383A22737464436C617373223A323A7B733A373A22726573756C7473223B613A313A7B693A303B613A343A7B693A303B613A383A7B693A303B613A323A7B693A303B693A303B693A313B693A313B7D693A313B613A323A7B693A303B693A303B693A313B693A313B7D693A323B613A323A7B693A303B693A303B693A313B693A313B7D693A333B613A323A7B693A303B693A353B693A313B693A363B7D693A343B613A323A7B693A303B693A343B693A313B693A353B7D693A353B613A323A7B693A303B693A343B693A313B693A333B7D693A363B613A323A7B693A303B693A313B693A313B693A303B7D693A373B613A323A7B693A303B693A313B693A313B693A303B7D7D693A313B613A343A7B693A303B613A323A7B693A303B693A343B693A313B4E3B7D693A313B613A323A7B693A303B4E3B693A313B4E3B7D693A323B613A323A7B693A303B4E3B693A313B4E3B7D693A333B613A323A7B693A303B4E3B693A313B4E3B7D7D693A323B613A323A7B693A303B613A323A7B693A303B4E3B693A313B4E3B7D693A313B613A323A7B693A303B4E3B693A313B4E3B7D7D693A333B613A323A7B693A303B613A323A7B693A303B4E3B693A313B4E3B7D693A313B613A323A7B693A303B4E3B693A313B4E3B7D7D7D7D733A353A227465616D73223B613A383A7B693A303B613A323A7B693A303B733A31343A22D8A7D8B3D8AAD8B1D8A7D8ADD8AA223B693A313B733A32313A22D8A8D987D8B1D988D8B220D988D8ABD988D982DB8C223B7D693A313B613A323A7B693A303B733A31343A22D8A7D8B3D8AAD8B1D8A7D8ADD8AA223B693A313B733A31393A22D8B9D984DB8C20D8A7D8B5D8ADD8A7D8A8DB8C223B7D693A323B613A323A7B693A303B733A31343A22D8A7D8B3D8AAD8B1D8A7D8ADD8AA223B693A313B733A31383A22D8B9D984DB8C2020D8B2D8A7D8B1D8B9DB8C223B7D693A333B613A323A7B693A303B733A31323A22D8A8D987D8A7D8B120474846223B693A313B733A31343A22D981D8B1D8B4D8A7D8AF20474846223B7D693A343B613A323A7B693A303B733A31343A22D8A7D8B3DAAFD8B1DB8C20474846223B693A313B733A31303A22D8A2D8B1D8B4204B4846223B7D693A353B613A323A7B693A303B733A31303A22D8B1D8B6D8A720474846223B693A313B733A31323A22D8B4D987D8A7D8A820474846223B7D693A363B613A323A7B693A303B733A31323A22D8ADD8A7D985D8AF20474846223B693A313B733A31343A22D8A7D8B3D8AAD8B1D8A7D8ADD8AA223B7D693A373B613A323A7B693A303B733A31343A22D8B1D8A7D985DB8CD98620474846223B693A313B733A31343A22D8A7D8B3D8AAD8B1D8A7D8ADD8AA223B7D7D7D, '2015-08-24 14:32:13'), ('29', '76', '3', '152', 0x4F3A383A22737464436C617373223A323A7B733A373A22726573756C7473223B613A313A7B693A303B613A343A7B693A303B613A383A7B693A303B613A323A7B693A303B693A303B693A313B693A313B7D693A313B613A323A7B693A303B693A303B693A313B693A313B7D693A323B613A323A7B693A303B693A303B693A313B693A313B7D693A333B613A323A7B693A303B693A353B693A313B693A363B7D693A343B613A323A7B693A303B693A343B693A313B693A353B7D693A353B613A323A7B693A303B693A343B693A313B693A333B7D693A363B613A323A7B693A303B693A313B693A313B693A303B7D693A373B613A323A7B693A303B693A313B693A313B693A303B7D7D693A313B613A343A7B693A303B613A323A7B693A303B693A343B693A313B693A333B7D693A313B613A323A7B693A303B4E3B693A313B4E3B7D693A323B613A323A7B693A303B4E3B693A313B4E3B7D693A333B613A323A7B693A303B4E3B693A313B4E3B7D7D693A323B613A323A7B693A303B613A323A7B693A303B4E3B693A313B4E3B7D693A313B613A323A7B693A303B4E3B693A313B4E3B7D7D693A333B613A323A7B693A303B613A323A7B693A303B4E3B693A313B4E3B7D693A313B613A323A7B693A303B4E3B693A313B4E3B7D7D7D7D733A353A227465616D73223B613A383A7B693A303B613A323A7B693A303B733A31343A22D8A7D8B3D8AAD8B1D8A7D8ADD8AA223B693A313B733A32313A22D8A8D987D8B1D988D8B220D988D8ABD988D982DB8C223B7D693A313B613A323A7B693A303B733A31343A22D8A7D8B3D8AAD8B1D8A7D8ADD8AA223B693A313B733A31393A22D8B9D984DB8C20D8A7D8B5D8ADD8A7D8A8DB8C223B7D693A323B613A323A7B693A303B733A31343A22D8A7D8B3D8AAD8B1D8A7D8ADD8AA223B693A313B733A31383A22D8B9D984DB8C2020D8B2D8A7D8B1D8B9DB8C223B7D693A333B613A323A7B693A303B733A31323A22D8A8D987D8A7D8B120474846223B693A313B733A31343A22D981D8B1D8B4D8A7D8AF20474846223B7D693A343B613A323A7B693A303B733A31343A22D8A7D8B3DAAFD8B1DB8C20474846223B693A313B733A31303A22D8A2D8B1D8B4204B4846223B7D693A353B613A323A7B693A303B733A31303A22D8B1D8B6D8A720474846223B693A313B733A31323A22D8B4D987D8A7D8A820474846223B7D693A363B613A323A7B693A303B733A31323A22D8ADD8A7D985D8AF20474846223B693A313B733A31343A22D8A7D8B3D8AAD8B1D8A7D8ADD8AA223B7D693A373B613A323A7B693A303B733A31343A22D8B1D8A7D985DB8CD98620474846223B693A313B733A31343A22D8A7D8B3D8AAD8B1D8A7D8ADD8AA223B7D7D7D, '2015-08-24 14:32:16'), ('30', '76', '3', '152', 0x4F3A383A22737464436C617373223A323A7B733A373A22726573756C7473223B613A313A7B693A303B613A343A7B693A303B613A383A7B693A303B613A323A7B693A303B693A303B693A313B693A313B7D693A313B613A323A7B693A303B693A303B693A313B693A313B7D693A323B613A323A7B693A303B693A303B693A313B693A313B7D693A333B613A323A7B693A303B693A353B693A313B693A363B7D693A343B613A323A7B693A303B693A343B693A313B693A353B7D693A353B613A323A7B693A303B693A343B693A313B693A333B7D693A363B613A323A7B693A303B693A313B693A313B693A303B7D693A373B613A323A7B693A303B693A313B693A313B693A303B7D7D693A313B613A343A7B693A303B613A323A7B693A303B693A343B693A313B693A333B7D693A313B613A323A7B693A303B693A353B693A313B4E3B7D693A323B613A323A7B693A303B4E3B693A313B4E3B7D693A333B613A323A7B693A303B4E3B693A313B4E3B7D7D693A323B613A323A7B693A303B613A323A7B693A303B4E3B693A313B4E3B7D693A313B613A323A7B693A303B4E3B693A313B4E3B7D7D693A333B613A323A7B693A303B613A323A7B693A303B4E3B693A313B4E3B7D693A313B613A323A7B693A303B4E3B693A313B4E3B7D7D7D7D733A353A227465616D73223B613A383A7B693A303B613A323A7B693A303B733A31343A22D8A7D8B3D8AAD8B1D8A7D8ADD8AA223B693A313B733A32313A22D8A8D987D8B1D988D8B220D988D8ABD988D982DB8C223B7D693A313B613A323A7B693A303B733A31343A22D8A7D8B3D8AAD8B1D8A7D8ADD8AA223B693A313B733A31393A22D8B9D984DB8C20D8A7D8B5D8ADD8A7D8A8DB8C223B7D693A323B613A323A7B693A303B733A31343A22D8A7D8B3D8AAD8B1D8A7D8ADD8AA223B693A313B733A31383A22D8B9D984DB8C2020D8B2D8A7D8B1D8B9DB8C223B7D693A333B613A323A7B693A303B733A31323A22D8A8D987D8A7D8B120474846223B693A313B733A31343A22D981D8B1D8B4D8A7D8AF20474846223B7D693A343B613A323A7B693A303B733A31343A22D8A7D8B3DAAFD8B1DB8C20474846223B693A313B733A31303A22D8A2D8B1D8B4204B4846223B7D693A353B613A323A7B693A303B733A31303A22D8B1D8B6D8A720474846223B693A313B733A31323A22D8B4D987D8A7D8A820474846223B7D693A363B613A323A7B693A303B733A31323A22D8ADD8A7D985D8AF20474846223B693A313B733A31343A22D8A7D8B3D8AAD8B1D8A7D8ADD8AA223B7D693A373B613A323A7B693A303B733A31343A22D8B1D8A7D985DB8CD98620474846223B693A313B733A31343A22D8A7D8B3D8AAD8B1D8A7D8ADD8AA223B7D7D7D, '2015-08-24 14:32:19'), ('31', '76', '3', '152', 0x4F3A383A22737464436C617373223A323A7B733A373A22726573756C7473223B613A313A7B693A303B613A343A7B693A303B613A383A7B693A303B613A323A7B693A303B693A303B693A313B693A313B7D693A313B613A323A7B693A303B693A303B693A313B693A313B7D693A323B613A323A7B693A303B693A303B693A313B693A313B7D693A333B613A323A7B693A303B693A353B693A313B693A363B7D693A343B613A323A7B693A303B693A343B693A313B693A353B7D693A353B613A323A7B693A303B693A343B693A313B693A333B7D693A363B613A323A7B693A303B693A313B693A313B693A303B7D693A373B613A323A7B693A303B693A313B693A313B693A303B7D7D693A313B613A343A7B693A303B613A323A7B693A303B693A343B693A313B693A333B7D693A313B613A323A7B693A303B693A353B693A313B693A313B7D693A323B613A323A7B693A303B4E3B693A313B4E3B7D693A333B613A323A7B693A303B4E3B693A313B4E3B7D7D693A323B613A323A7B693A303B613A323A7B693A303B4E3B693A313B4E3B7D693A313B613A323A7B693A303B4E3B693A313B4E3B7D7D693A333B613A323A7B693A303B613A323A7B693A303B4E3B693A313B4E3B7D693A313B613A323A7B693A303B4E3B693A313B4E3B7D7D7D7D733A353A227465616D73223B613A383A7B693A303B613A323A7B693A303B733A31343A22D8A7D8B3D8AAD8B1D8A7D8ADD8AA223B693A313B733A32313A22D8A8D987D8B1D988D8B220D988D8ABD988D982DB8C223B7D693A313B613A323A7B693A303B733A31343A22D8A7D8B3D8AAD8B1D8A7D8ADD8AA223B693A313B733A31393A22D8B9D984DB8C20D8A7D8B5D8ADD8A7D8A8DB8C223B7D693A323B613A323A7B693A303B733A31343A22D8A7D8B3D8AAD8B1D8A7D8ADD8AA223B693A313B733A31383A22D8B9D984DB8C2020D8B2D8A7D8B1D8B9DB8C223B7D693A333B613A323A7B693A303B733A31323A22D8A8D987D8A7D8B120474846223B693A313B733A31343A22D981D8B1D8B4D8A7D8AF20474846223B7D693A343B613A323A7B693A303B733A31343A22D8A7D8B3DAAFD8B1DB8C20474846223B693A313B733A31303A22D8A2D8B1D8B4204B4846223B7D693A353B613A323A7B693A303B733A31303A22D8B1D8B6D8A720474846223B693A313B733A31323A22D8B4D987D8A7D8A820474846223B7D693A363B613A323A7B693A303B733A31323A22D8ADD8A7D985D8AF20474846223B693A313B733A31343A22D8A7D8B3D8AAD8B1D8A7D8ADD8AA223B7D693A373B613A323A7B693A303B733A31343A22D8B1D8A7D985DB8CD98620474846223B693A313B733A31343A22D8A7D8B3D8AAD8B1D8A7D8ADD8AA223B7D7D7D, '2015-08-24 14:32:22'), ('32', '76', '3', '152', 0x4F3A383A22737464436C617373223A323A7B733A373A22726573756C7473223B613A313A7B693A303B613A343A7B693A303B613A383A7B693A303B613A323A7B693A303B693A303B693A313B693A313B7D693A313B613A323A7B693A303B693A303B693A313B693A313B7D693A323B613A323A7B693A303B693A303B693A313B693A313B7D693A333B613A323A7B693A303B693A353B693A313B693A363B7D693A343B613A323A7B693A303B693A343B693A313B693A353B7D693A353B613A323A7B693A303B693A343B693A313B693A333B7D693A363B613A323A7B693A303B693A313B693A313B693A303B7D693A373B613A323A7B693A303B693A313B693A313B693A303B7D7D693A313B613A343A7B693A303B613A323A7B693A303B693A343B693A313B693A333B7D693A313B613A323A7B693A303B693A353B693A313B693A313B7D693A323B613A323A7B693A303B693A313B693A313B4E3B7D693A333B613A323A7B693A303B4E3B693A313B4E3B7D7D693A323B613A323A7B693A303B613A323A7B693A303B4E3B693A313B4E3B7D693A313B613A323A7B693A303B4E3B693A313B4E3B7D7D693A333B613A323A7B693A303B613A323A7B693A303B4E3B693A313B4E3B7D693A313B613A323A7B693A303B4E3B693A313B4E3B7D7D7D7D733A353A227465616D73223B613A383A7B693A303B613A323A7B693A303B733A31343A22D8A7D8B3D8AAD8B1D8A7D8ADD8AA223B693A313B733A32313A22D8A8D987D8B1D988D8B220D988D8ABD988D982DB8C223B7D693A313B613A323A7B693A303B733A31343A22D8A7D8B3D8AAD8B1D8A7D8ADD8AA223B693A313B733A31393A22D8B9D984DB8C20D8A7D8B5D8ADD8A7D8A8DB8C223B7D693A323B613A323A7B693A303B733A31343A22D8A7D8B3D8AAD8B1D8A7D8ADD8AA223B693A313B733A31383A22D8B9D984DB8C2020D8B2D8A7D8B1D8B9DB8C223B7D693A333B613A323A7B693A303B733A31323A22D8A8D987D8A7D8B120474846223B693A313B733A31343A22D981D8B1D8B4D8A7D8AF20474846223B7D693A343B613A323A7B693A303B733A31343A22D8A7D8B3DAAFD8B1DB8C20474846223B693A313B733A31303A22D8A2D8B1D8B4204B4846223B7D693A353B613A323A7B693A303B733A31303A22D8B1D8B6D8A720474846223B693A313B733A31323A22D8B4D987D8A7D8A820474846223B7D693A363B613A323A7B693A303B733A31323A22D8ADD8A7D985D8AF20474846223B693A313B733A31343A22D8A7D8B3D8AAD8B1D8A7D8ADD8AA223B7D693A373B613A323A7B693A303B733A31343A22D8B1D8A7D985DB8CD98620474846223B693A313B733A31343A22D8A7D8B3D8AAD8B1D8A7D8ADD8AA223B7D7D7D, '2015-08-24 14:32:23'), ('33', '76', '3', '152', 0x4F3A383A22737464436C617373223A323A7B733A373A22726573756C7473223B613A313A7B693A303B613A343A7B693A303B613A383A7B693A303B613A323A7B693A303B693A303B693A313B693A313B7D693A313B613A323A7B693A303B693A303B693A313B693A313B7D693A323B613A323A7B693A303B693A303B693A313B693A313B7D693A333B613A323A7B693A303B693A353B693A313B693A363B7D693A343B613A323A7B693A303B693A343B693A313B693A353B7D693A353B613A323A7B693A303B693A343B693A313B693A333B7D693A363B613A323A7B693A303B693A313B693A313B693A303B7D693A373B613A323A7B693A303B693A313B693A313B693A303B7D7D693A313B613A343A7B693A303B613A323A7B693A303B693A343B693A313B693A333B7D693A313B613A323A7B693A303B693A353B693A313B693A313B7D693A323B613A323A7B693A303B693A313B693A313B693A333B7D693A333B613A323A7B693A303B4E3B693A313B4E3B7D7D693A323B613A323A7B693A303B613A323A7B693A303B4E3B693A313B4E3B7D693A313B613A323A7B693A303B4E3B693A313B4E3B7D7D693A333B613A323A7B693A303B613A323A7B693A303B4E3B693A313B4E3B7D693A313B613A323A7B693A303B4E3B693A313B4E3B7D7D7D7D733A353A227465616D73223B613A383A7B693A303B613A323A7B693A303B733A31343A22D8A7D8B3D8AAD8B1D8A7D8ADD8AA223B693A313B733A32313A22D8A8D987D8B1D988D8B220D988D8ABD988D982DB8C223B7D693A313B613A323A7B693A303B733A31343A22D8A7D8B3D8AAD8B1D8A7D8ADD8AA223B693A313B733A31393A22D8B9D984DB8C20D8A7D8B5D8ADD8A7D8A8DB8C223B7D693A323B613A323A7B693A303B733A31343A22D8A7D8B3D8AAD8B1D8A7D8ADD8AA223B693A313B733A31383A22D8B9D984DB8C2020D8B2D8A7D8B1D8B9DB8C223B7D693A333B613A323A7B693A303B733A31323A22D8A8D987D8A7D8B120474846223B693A313B733A31343A22D981D8B1D8B4D8A7D8AF20474846223B7D693A343B613A323A7B693A303B733A31343A22D8A7D8B3DAAFD8B1DB8C20474846223B693A313B733A31303A22D8A2D8B1D8B4204B4846223B7D693A353B613A323A7B693A303B733A31303A22D8B1D8B6D8A720474846223B693A313B733A31323A22D8B4D987D8A7D8A820474846223B7D693A363B613A323A7B693A303B733A31323A22D8ADD8A7D985D8AF20474846223B693A313B733A31343A22D8A7D8B3D8AAD8B1D8A7D8ADD8AA223B7D693A373B613A323A7B693A303B733A31343A22D8B1D8A7D985DB8CD98620474846223B693A313B733A31343A22D8A7D8B3D8AAD8B1D8A7D8ADD8AA223B7D7D7D, '2015-08-24 14:32:24'), ('34', '76', '3', '152', 0x4F3A383A22737464436C617373223A323A7B733A373A22726573756C7473223B613A313A7B693A303B613A343A7B693A303B613A383A7B693A303B613A323A7B693A303B693A303B693A313B693A313B7D693A313B613A323A7B693A303B693A303B693A313B693A313B7D693A323B613A323A7B693A303B693A303B693A313B693A313B7D693A333B613A323A7B693A303B693A353B693A313B693A363B7D693A343B613A323A7B693A303B693A343B693A313B693A353B7D693A353B613A323A7B693A303B693A343B693A313B693A333B7D693A363B613A323A7B693A303B693A313B693A313B693A303B7D693A373B613A323A7B693A303B693A313B693A313B693A303B7D7D693A313B613A343A7B693A303B613A323A7B693A303B693A343B693A313B693A333B7D693A313B613A323A7B693A303B693A353B693A313B693A313B7D693A323B613A323A7B693A303B693A313B693A313B693A333B7D693A333B613A323A7B693A303B693A353B693A313B4E3B7D7D693A323B613A323A7B693A303B613A323A7B693A303B4E3B693A313B4E3B7D693A313B613A323A7B693A303B4E3B693A313B4E3B7D7D693A333B613A323A7B693A303B613A323A7B693A303B4E3B693A313B4E3B7D693A313B613A323A7B693A303B4E3B693A313B4E3B7D7D7D7D733A353A227465616D73223B613A383A7B693A303B613A323A7B693A303B733A31343A22D8A7D8B3D8AAD8B1D8A7D8ADD8AA223B693A313B733A32313A22D8A8D987D8B1D988D8B220D988D8ABD988D982DB8C223B7D693A313B613A323A7B693A303B733A31343A22D8A7D8B3D8AAD8B1D8A7D8ADD8AA223B693A313B733A31393A22D8B9D984DB8C20D8A7D8B5D8ADD8A7D8A8DB8C223B7D693A323B613A323A7B693A303B733A31343A22D8A7D8B3D8AAD8B1D8A7D8ADD8AA223B693A313B733A31383A22D8B9D984DB8C2020D8B2D8A7D8B1D8B9DB8C223B7D693A333B613A323A7B693A303B733A31323A22D8A8D987D8A7D8B120474846223B693A313B733A31343A22D981D8B1D8B4D8A7D8AF20474846223B7D693A343B613A323A7B693A303B733A31343A22D8A7D8B3DAAFD8B1DB8C20474846223B693A313B733A31303A22D8A2D8B1D8B4204B4846223B7D693A353B613A323A7B693A303B733A31303A22D8B1D8B6D8A720474846223B693A313B733A31323A22D8B4D987D8A7D8A820474846223B7D693A363B613A323A7B693A303B733A31323A22D8ADD8A7D985D8AF20474846223B693A313B733A31343A22D8A7D8B3D8AAD8B1D8A7D8ADD8AA223B7D693A373B613A323A7B693A303B733A31343A22D8B1D8A7D985DB8CD98620474846223B693A313B733A31343A22D8A7D8B3D8AAD8B1D8A7D8ADD8AA223B7D7D7D, '2015-08-24 14:32:26'), ('35', '76', '3', '152', 0x4F3A383A22737464436C617373223A323A7B733A373A22726573756C7473223B613A313A7B693A303B613A343A7B693A303B613A383A7B693A303B613A323A7B693A303B693A303B693A313B693A313B7D693A313B613A323A7B693A303B693A303B693A313B693A313B7D693A323B613A323A7B693A303B693A303B693A313B693A313B7D693A333B613A323A7B693A303B693A353B693A313B693A363B7D693A343B613A323A7B693A303B693A343B693A313B693A353B7D693A353B613A323A7B693A303B693A343B693A313B693A333B7D693A363B613A323A7B693A303B693A313B693A313B693A303B7D693A373B613A323A7B693A303B693A313B693A313B693A303B7D7D693A313B613A343A7B693A303B613A323A7B693A303B693A343B693A313B693A333B7D693A313B613A323A7B693A303B693A353B693A313B693A313B7D693A323B613A323A7B693A303B693A313B693A313B693A333B7D693A333B613A323A7B693A303B693A353B693A313B693A363B7D7D693A323B613A323A7B693A303B613A323A7B693A303B4E3B693A313B4E3B7D693A313B613A323A7B693A303B4E3B693A313B4E3B7D7D693A333B613A323A7B693A303B613A323A7B693A303B4E3B693A313B4E3B7D693A313B613A323A7B693A303B4E3B693A313B4E3B7D7D7D7D733A353A227465616D73223B613A383A7B693A303B613A323A7B693A303B733A31343A22D8A7D8B3D8AAD8B1D8A7D8ADD8AA223B693A313B733A32313A22D8A8D987D8B1D988D8B220D988D8ABD988D982DB8C223B7D693A313B613A323A7B693A303B733A31343A22D8A7D8B3D8AAD8B1D8A7D8ADD8AA223B693A313B733A31393A22D8B9D984DB8C20D8A7D8B5D8ADD8A7D8A8DB8C223B7D693A323B613A323A7B693A303B733A31343A22D8A7D8B3D8AAD8B1D8A7D8ADD8AA223B693A313B733A31383A22D8B9D984DB8C2020D8B2D8A7D8B1D8B9DB8C223B7D693A333B613A323A7B693A303B733A31323A22D8A8D987D8A7D8B120474846223B693A313B733A31343A22D981D8B1D8B4D8A7D8AF20474846223B7D693A343B613A323A7B693A303B733A31343A22D8A7D8B3DAAFD8B1DB8C20474846223B693A313B733A31303A22D8A2D8B1D8B4204B4846223B7D693A353B613A323A7B693A303B733A31303A22D8B1D8B6D8A720474846223B693A313B733A31323A22D8B4D987D8A7D8A820474846223B7D693A363B613A323A7B693A303B733A31323A22D8ADD8A7D985D8AF20474846223B693A313B733A31343A22D8A7D8B3D8AAD8B1D8A7D8ADD8AA223B7D693A373B613A323A7B693A303B733A31343A22D8B1D8A7D985DB8CD98620474846223B693A313B733A31343A22D8A7D8B3D8AAD8B1D8A7D8ADD8AA223B7D7D7D, '2015-08-24 14:32:27'), ('36', '76', '3', '152', 0x4F3A383A22737464436C617373223A323A7B733A373A22726573756C7473223B613A313A7B693A303B613A343A7B693A303B613A383A7B693A303B613A323A7B693A303B693A303B693A313B693A313B7D693A313B613A323A7B693A303B693A303B693A313B693A313B7D693A323B613A323A7B693A303B693A303B693A313B693A313B7D693A333B613A323A7B693A303B693A353B693A313B693A363B7D693A343B613A323A7B693A303B693A343B693A313B693A353B7D693A353B613A323A7B693A303B693A343B693A313B693A333B7D693A363B613A323A7B693A303B693A313B693A313B693A303B7D693A373B613A323A7B693A303B693A313B693A313B693A303B7D7D693A313B613A343A7B693A303B613A323A7B693A303B693A343B693A313B693A333B7D693A313B613A323A7B693A303B693A353B693A313B693A313B7D693A323B613A323A7B693A303B693A313B693A313B693A333B7D693A333B613A323A7B693A303B693A353B693A313B693A363B7D7D693A323B613A323A7B693A303B613A323A7B693A303B693A343B693A313B4E3B7D693A313B613A323A7B693A303B4E3B693A313B4E3B7D7D693A333B613A323A7B693A303B613A323A7B693A303B4E3B693A313B4E3B7D693A313B613A323A7B693A303B4E3B693A313B4E3B7D7D7D7D733A353A227465616D73223B613A383A7B693A303B613A323A7B693A303B733A31343A22D8A7D8B3D8AAD8B1D8A7D8ADD8AA223B693A313B733A32313A22D8A8D987D8B1D988D8B220D988D8ABD988D982DB8C223B7D693A313B613A323A7B693A303B733A31343A22D8A7D8B3D8AAD8B1D8A7D8ADD8AA223B693A313B733A31393A22D8B9D984DB8C20D8A7D8B5D8ADD8A7D8A8DB8C223B7D693A323B613A323A7B693A303B733A31343A22D8A7D8B3D8AAD8B1D8A7D8ADD8AA223B693A313B733A31383A22D8B9D984DB8C2020D8B2D8A7D8B1D8B9DB8C223B7D693A333B613A323A7B693A303B733A31323A22D8A8D987D8A7D8B120474846223B693A313B733A31343A22D981D8B1D8B4D8A7D8AF20474846223B7D693A343B613A323A7B693A303B733A31343A22D8A7D8B3DAAFD8B1DB8C20474846223B693A313B733A31303A22D8A2D8B1D8B4204B4846223B7D693A353B613A323A7B693A303B733A31303A22D8B1D8B6D8A720474846223B693A313B733A31323A22D8B4D987D8A7D8A820474846223B7D693A363B613A323A7B693A303B733A31323A22D8ADD8A7D985D8AF20474846223B693A313B733A31343A22D8A7D8B3D8AAD8B1D8A7D8ADD8AA223B7D693A373B613A323A7B693A303B733A31343A22D8B1D8A7D985DB8CD98620474846223B693A313B733A31343A22D8A7D8B3D8AAD8B1D8A7D8ADD8AA223B7D7D7D, '2015-08-24 14:32:28'), ('37', '76', '3', '152', 0x4F3A383A22737464436C617373223A323A7B733A373A22726573756C7473223B613A313A7B693A303B613A343A7B693A303B613A383A7B693A303B613A323A7B693A303B693A303B693A313B693A313B7D693A313B613A323A7B693A303B693A303B693A313B693A313B7D693A323B613A323A7B693A303B693A303B693A313B693A313B7D693A333B613A323A7B693A303B693A353B693A313B693A363B7D693A343B613A323A7B693A303B693A343B693A313B693A353B7D693A353B613A323A7B693A303B693A343B693A313B693A333B7D693A363B613A323A7B693A303B693A313B693A313B693A303B7D693A373B613A323A7B693A303B693A313B693A313B693A303B7D7D693A313B613A343A7B693A303B613A323A7B693A303B693A343B693A313B693A333B7D693A313B613A323A7B693A303B693A353B693A313B693A313B7D693A323B613A323A7B693A303B693A313B693A313B693A333B7D693A333B613A323A7B693A303B693A353B693A313B693A363B7D7D693A323B613A323A7B693A303B613A323A7B693A303B693A343B693A313B693A333B7D693A313B613A323A7B693A303B4E3B693A313B4E3B7D7D693A333B613A323A7B693A303B613A323A7B693A303B4E3B693A313B4E3B7D693A313B613A323A7B693A303B4E3B693A313B4E3B7D7D7D7D733A353A227465616D73223B613A383A7B693A303B613A323A7B693A303B733A31343A22D8A7D8B3D8AAD8B1D8A7D8ADD8AA223B693A313B733A32313A22D8A8D987D8B1D988D8B220D988D8ABD988D982DB8C223B7D693A313B613A323A7B693A303B733A31343A22D8A7D8B3D8AAD8B1D8A7D8ADD8AA223B693A313B733A31393A22D8B9D984DB8C20D8A7D8B5D8ADD8A7D8A8DB8C223B7D693A323B613A323A7B693A303B733A31343A22D8A7D8B3D8AAD8B1D8A7D8ADD8AA223B693A313B733A31383A22D8B9D984DB8C2020D8B2D8A7D8B1D8B9DB8C223B7D693A333B613A323A7B693A303B733A31323A22D8A8D987D8A7D8B120474846223B693A313B733A31343A22D981D8B1D8B4D8A7D8AF20474846223B7D693A343B613A323A7B693A303B733A31343A22D8A7D8B3DAAFD8B1DB8C20474846223B693A313B733A31303A22D8A2D8B1D8B4204B4846223B7D693A353B613A323A7B693A303B733A31303A22D8B1D8B6D8A720474846223B693A313B733A31323A22D8B4D987D8A7D8A820474846223B7D693A363B613A323A7B693A303B733A31323A22D8ADD8A7D985D8AF20474846223B693A313B733A31343A22D8A7D8B3D8AAD8B1D8A7D8ADD8AA223B7D693A373B613A323A7B693A303B733A31343A22D8B1D8A7D985DB8CD98620474846223B693A313B733A31343A22D8A7D8B3D8AAD8B1D8A7D8ADD8AA223B7D7D7D, '2015-08-24 14:33:23'), ('38', '76', '3', '152', 0x4F3A383A22737464436C617373223A323A7B733A373A22726573756C7473223B613A313A7B693A303B613A343A7B693A303B613A383A7B693A303B613A323A7B693A303B693A303B693A313B693A313B7D693A313B613A323A7B693A303B693A303B693A313B693A313B7D693A323B613A323A7B693A303B693A303B693A313B693A313B7D693A333B613A323A7B693A303B693A353B693A313B693A363B7D693A343B613A323A7B693A303B693A343B693A313B693A353B7D693A353B613A323A7B693A303B693A343B693A313B693A333B7D693A363B613A323A7B693A303B693A313B693A313B693A303B7D693A373B613A323A7B693A303B693A313B693A313B693A303B7D7D693A313B613A343A7B693A303B613A323A7B693A303B693A343B693A313B693A333B7D693A313B613A323A7B693A303B693A353B693A313B693A313B7D693A323B613A323A7B693A303B693A313B693A313B693A333B7D693A333B613A323A7B693A303B693A353B693A313B693A363B7D7D693A323B613A323A7B693A303B613A323A7B693A303B693A343B693A313B693A333B7D693A313B613A323A7B693A303B693A313B693A313B4E3B7D7D693A333B613A323A7B693A303B613A323A7B693A303B4E3B693A313B4E3B7D693A313B613A323A7B693A303B4E3B693A313B4E3B7D7D7D7D733A353A227465616D73223B613A383A7B693A303B613A323A7B693A303B733A31343A22D8A7D8B3D8AAD8B1D8A7D8ADD8AA223B693A313B733A32313A22D8A8D987D8B1D988D8B220D988D8ABD988D982DB8C223B7D693A313B613A323A7B693A303B733A31343A22D8A7D8B3D8AAD8B1D8A7D8ADD8AA223B693A313B733A31393A22D8B9D984DB8C20D8A7D8B5D8ADD8A7D8A8DB8C223B7D693A323B613A323A7B693A303B733A31343A22D8A7D8B3D8AAD8B1D8A7D8ADD8AA223B693A313B733A31383A22D8B9D984DB8C2020D8B2D8A7D8B1D8B9DB8C223B7D693A333B613A323A7B693A303B733A31323A22D8A8D987D8A7D8B120474846223B693A313B733A31343A22D981D8B1D8B4D8A7D8AF20474846223B7D693A343B613A323A7B693A303B733A31343A22D8A7D8B3DAAFD8B1DB8C20474846223B693A313B733A31303A22D8A2D8B1D8B4204B4846223B7D693A353B613A323A7B693A303B733A31303A22D8B1D8B6D8A720474846223B693A313B733A31323A22D8B4D987D8A7D8A820474846223B7D693A363B613A323A7B693A303B733A31323A22D8ADD8A7D985D8AF20474846223B693A313B733A31343A22D8A7D8B3D8AAD8B1D8A7D8ADD8AA223B7D693A373B613A323A7B693A303B733A31343A22D8B1D8A7D985DB8CD98620474846223B693A313B733A31343A22D8A7D8B3D8AAD8B1D8A7D8ADD8AA223B7D7D7D, '2015-08-24 14:33:24'), ('39', '76', '3', '152', 0x4F3A383A22737464436C617373223A323A7B733A373A22726573756C7473223B613A313A7B693A303B613A343A7B693A303B613A383A7B693A303B613A323A7B693A303B693A303B693A313B693A313B7D693A313B613A323A7B693A303B693A303B693A313B693A313B7D693A323B613A323A7B693A303B693A303B693A313B693A313B7D693A333B613A323A7B693A303B693A353B693A313B693A363B7D693A343B613A323A7B693A303B693A343B693A313B693A353B7D693A353B613A323A7B693A303B693A343B693A313B693A333B7D693A363B613A323A7B693A303B693A313B693A313B693A303B7D693A373B613A323A7B693A303B693A313B693A313B693A303B7D7D693A313B613A343A7B693A303B613A323A7B693A303B693A343B693A313B693A333B7D693A313B613A323A7B693A303B693A353B693A313B693A313B7D693A323B613A323A7B693A303B693A313B693A313B693A333B7D693A333B613A323A7B693A303B693A353B693A313B693A363B7D7D693A323B613A323A7B693A303B613A323A7B693A303B693A343B693A313B693A333B7D693A313B613A323A7B693A303B693A313B693A313B693A323B7D7D693A333B613A323A7B693A303B613A323A7B693A303B4E3B693A313B4E3B7D693A313B613A323A7B693A303B4E3B693A313B4E3B7D7D7D7D733A353A227465616D73223B613A383A7B693A303B613A323A7B693A303B733A31343A22D8A7D8B3D8AAD8B1D8A7D8ADD8AA223B693A313B733A32313A22D8A8D987D8B1D988D8B220D988D8ABD988D982DB8C223B7D693A313B613A323A7B693A303B733A31343A22D8A7D8B3D8AAD8B1D8A7D8ADD8AA223B693A313B733A31393A22D8B9D984DB8C20D8A7D8B5D8ADD8A7D8A8DB8C223B7D693A323B613A323A7B693A303B733A31343A22D8A7D8B3D8AAD8B1D8A7D8ADD8AA223B693A313B733A31383A22D8B9D984DB8C2020D8B2D8A7D8B1D8B9DB8C223B7D693A333B613A323A7B693A303B733A31323A22D8A8D987D8A7D8B120474846223B693A313B733A31343A22D981D8B1D8B4D8A7D8AF20474846223B7D693A343B613A323A7B693A303B733A31343A22D8A7D8B3DAAFD8B1DB8C20474846223B693A313B733A31303A22D8A2D8B1D8B4204B4846223B7D693A353B613A323A7B693A303B733A31303A22D8B1D8B6D8A720474846223B693A313B733A31323A22D8B4D987D8A7D8A820474846223B7D693A363B613A323A7B693A303B733A31323A22D8ADD8A7D985D8AF20474846223B693A313B733A31343A22D8A7D8B3D8AAD8B1D8A7D8ADD8AA223B7D693A373B613A323A7B693A303B733A31343A22D8B1D8A7D985DB8CD98620474846223B693A313B733A31343A22D8A7D8B3D8AAD8B1D8A7D8ADD8AA223B7D7D7D, '2015-08-24 14:33:27'), ('40', '76', '3', '152', 0x4F3A383A22737464436C617373223A323A7B733A373A22726573756C7473223B613A313A7B693A303B613A343A7B693A303B613A383A7B693A303B613A323A7B693A303B693A303B693A313B693A313B7D693A313B613A323A7B693A303B693A303B693A313B693A313B7D693A323B613A323A7B693A303B693A303B693A313B693A313B7D693A333B613A323A7B693A303B693A353B693A313B693A363B7D693A343B613A323A7B693A303B693A343B693A313B693A353B7D693A353B613A323A7B693A303B693A343B693A313B693A333B7D693A363B613A323A7B693A303B693A313B693A313B693A303B7D693A373B613A323A7B693A303B693A313B693A313B693A303B7D7D693A313B613A343A7B693A303B613A323A7B693A303B693A343B693A313B693A333B7D693A313B613A323A7B693A303B693A353B693A313B693A313B7D693A323B613A323A7B693A303B693A313B693A313B693A333B7D693A333B613A323A7B693A303B693A353B693A313B693A363B7D7D693A323B613A323A7B693A303B613A323A7B693A303B693A343B693A313B693A333B7D693A313B613A323A7B693A303B693A313B693A313B693A323B7D7D693A333B613A323A7B693A303B613A323A7B693A303B693A313B693A313B4E3B7D693A313B613A323A7B693A303B4E3B693A313B4E3B7D7D7D7D733A353A227465616D73223B613A383A7B693A303B613A323A7B693A303B733A31343A22D8A7D8B3D8AAD8B1D8A7D8ADD8AA223B693A313B733A32313A22D8A8D987D8B1D988D8B220D988D8ABD988D982DB8C223B7D693A313B613A323A7B693A303B733A31343A22D8A7D8B3D8AAD8B1D8A7D8ADD8AA223B693A313B733A31393A22D8B9D984DB8C20D8A7D8B5D8ADD8A7D8A8DB8C223B7D693A323B613A323A7B693A303B733A31343A22D8A7D8B3D8AAD8B1D8A7D8ADD8AA223B693A313B733A31383A22D8B9D984DB8C2020D8B2D8A7D8B1D8B9DB8C223B7D693A333B613A323A7B693A303B733A31323A22D8A8D987D8A7D8B120474846223B693A313B733A31343A22D981D8B1D8B4D8A7D8AF20474846223B7D693A343B613A323A7B693A303B733A31343A22D8A7D8B3DAAFD8B1DB8C20474846223B693A313B733A31303A22D8A2D8B1D8B4204B4846223B7D693A353B613A323A7B693A303B733A31303A22D8B1D8B6D8A720474846223B693A313B733A31323A22D8B4D987D8A7D8A820474846223B7D693A363B613A323A7B693A303B733A31323A22D8ADD8A7D985D8AF20474846223B693A313B733A31343A22D8A7D8B3D8AAD8B1D8A7D8ADD8AA223B7D693A373B613A323A7B693A303B733A31343A22D8B1D8A7D985DB8CD98620474846223B693A313B733A31343A22D8A7D8B3D8AAD8B1D8A7D8ADD8AA223B7D7D7D, '2015-08-24 14:33:33'), ('41', '76', '3', '152', 0x4F3A383A22737464436C617373223A323A7B733A373A22726573756C7473223B613A313A7B693A303B613A343A7B693A303B613A383A7B693A303B613A323A7B693A303B693A303B693A313B693A313B7D693A313B613A323A7B693A303B693A303B693A313B693A313B7D693A323B613A323A7B693A303B693A303B693A313B693A313B7D693A333B613A323A7B693A303B693A353B693A313B693A363B7D693A343B613A323A7B693A303B693A343B693A313B693A353B7D693A353B613A323A7B693A303B693A343B693A313B693A333B7D693A363B613A323A7B693A303B693A313B693A313B693A303B7D693A373B613A323A7B693A303B693A313B693A313B693A303B7D7D693A313B613A343A7B693A303B613A323A7B693A303B693A343B693A313B693A333B7D693A313B613A323A7B693A303B693A353B693A313B693A313B7D693A323B613A323A7B693A303B693A313B693A313B693A333B7D693A333B613A323A7B693A303B693A353B693A313B693A363B7D7D693A323B613A323A7B693A303B613A323A7B693A303B693A343B693A313B693A333B7D693A313B613A323A7B693A303B693A313B693A313B693A323B7D7D693A333B613A323A7B693A303B613A323A7B693A303B693A313B693A313B693A323B7D693A313B613A323A7B693A303B4E3B693A313B4E3B7D7D7D7D733A353A227465616D73223B613A383A7B693A303B613A323A7B693A303B733A31343A22D8A7D8B3D8AAD8B1D8A7D8ADD8AA223B693A313B733A32313A22D8A8D987D8B1D988D8B220D988D8ABD988D982DB8C223B7D693A313B613A323A7B693A303B733A31343A22D8A7D8B3D8AAD8B1D8A7D8ADD8AA223B693A313B733A31393A22D8B9D984DB8C20D8A7D8B5D8ADD8A7D8A8DB8C223B7D693A323B613A323A7B693A303B733A31343A22D8A7D8B3D8AAD8B1D8A7D8ADD8AA223B693A313B733A31383A22D8B9D984DB8C2020D8B2D8A7D8B1D8B9DB8C223B7D693A333B613A323A7B693A303B733A31323A22D8A8D987D8A7D8B120474846223B693A313B733A31343A22D981D8B1D8B4D8A7D8AF20474846223B7D693A343B613A323A7B693A303B733A31343A22D8A7D8B3DAAFD8B1DB8C20474846223B693A313B733A31303A22D8A2D8B1D8B4204B4846223B7D693A353B613A323A7B693A303B733A31303A22D8B1D8B6D8A720474846223B693A313B733A31323A22D8B4D987D8A7D8A820474846223B7D693A363B613A323A7B693A303B733A31323A22D8ADD8A7D985D8AF20474846223B693A313B733A31343A22D8A7D8B3D8AAD8B1D8A7D8ADD8AA223B7D693A373B613A323A7B693A303B733A31343A22D8B1D8A7D985DB8CD98620474846223B693A313B733A31343A22D8A7D8B3D8AAD8B1D8A7D8ADD8AA223B7D7D7D, '2015-08-24 14:33:35'), ('42', '76', '3', '152', 0x4F3A383A22737464436C617373223A323A7B733A373A22726573756C7473223B613A313A7B693A303B613A343A7B693A303B613A383A7B693A303B613A323A7B693A303B693A303B693A313B693A313B7D693A313B613A323A7B693A303B693A303B693A313B693A313B7D693A323B613A323A7B693A303B693A303B693A313B693A313B7D693A333B613A323A7B693A303B693A353B693A313B693A363B7D693A343B613A323A7B693A303B693A343B693A313B693A353B7D693A353B613A323A7B693A303B693A343B693A313B693A333B7D693A363B613A323A7B693A303B693A313B693A313B693A303B7D693A373B613A323A7B693A303B693A313B693A313B693A303B7D7D693A313B613A343A7B693A303B613A323A7B693A303B693A343B693A313B693A333B7D693A313B613A323A7B693A303B693A353B693A313B693A313B7D693A323B613A323A7B693A303B693A313B693A313B693A333B7D693A333B613A323A7B693A303B693A353B693A313B693A363B7D7D693A323B613A323A7B693A303B613A323A7B693A303B693A343B693A313B693A333B7D693A313B613A323A7B693A303B693A313B693A313B693A323B7D7D693A333B613A323A7B693A303B613A323A7B693A303B693A313B693A313B693A323B7D693A313B613A323A7B693A303B693A343B693A313B4E3B7D7D7D7D733A353A227465616D73223B613A383A7B693A303B613A323A7B693A303B733A31343A22D8A7D8B3D8AAD8B1D8A7D8ADD8AA223B693A313B733A32313A22D8A8D987D8B1D988D8B220D988D8ABD988D982DB8C223B7D693A313B613A323A7B693A303B733A31343A22D8A7D8B3D8AAD8B1D8A7D8ADD8AA223B693A313B733A31393A22D8B9D984DB8C20D8A7D8B5D8ADD8A7D8A8DB8C223B7D693A323B613A323A7B693A303B733A31343A22D8A7D8B3D8AAD8B1D8A7D8ADD8AA223B693A313B733A31383A22D8B9D984DB8C2020D8B2D8A7D8B1D8B9DB8C223B7D693A333B613A323A7B693A303B733A31323A22D8A8D987D8A7D8B120474846223B693A313B733A31343A22D981D8B1D8B4D8A7D8AF20474846223B7D693A343B613A323A7B693A303B733A31343A22D8A7D8B3DAAFD8B1DB8C20474846223B693A313B733A31303A22D8A2D8B1D8B4204B4846223B7D693A353B613A323A7B693A303B733A31303A22D8B1D8B6D8A720474846223B693A313B733A31323A22D8B4D987D8A7D8A820474846223B7D693A363B613A323A7B693A303B733A31323A22D8ADD8A7D985D8AF20474846223B693A313B733A31343A22D8A7D8B3D8AAD8B1D8A7D8ADD8AA223B7D693A373B613A323A7B693A303B733A31343A22D8B1D8A7D985DB8CD98620474846223B693A313B733A31343A22D8A7D8B3D8AAD8B1D8A7D8ADD8AA223B7D7D7D, '2015-08-24 14:33:40'), ('43', '76', '3', '152', 0x4F3A383A22737464436C617373223A323A7B733A373A22726573756C7473223B613A313A7B693A303B613A343A7B693A303B613A383A7B693A303B613A323A7B693A303B693A303B693A313B693A313B7D693A313B613A323A7B693A303B693A303B693A313B693A313B7D693A323B613A323A7B693A303B693A303B693A313B693A313B7D693A333B613A323A7B693A303B693A353B693A313B693A363B7D693A343B613A323A7B693A303B693A343B693A313B693A353B7D693A353B613A323A7B693A303B693A343B693A313B693A333B7D693A363B613A323A7B693A303B693A313B693A313B693A303B7D693A373B613A323A7B693A303B693A313B693A313B693A303B7D7D693A313B613A343A7B693A303B613A323A7B693A303B693A343B693A313B693A333B7D693A313B613A323A7B693A303B693A353B693A313B693A313B7D693A323B613A323A7B693A303B693A313B693A313B693A333B7D693A333B613A323A7B693A303B693A353B693A313B693A363B7D7D693A323B613A323A7B693A303B613A323A7B693A303B693A343B693A313B693A333B7D693A313B613A323A7B693A303B693A313B693A313B693A323B7D7D693A333B613A323A7B693A303B613A323A7B693A303B693A313B693A313B693A323B7D693A313B613A323A7B693A303B693A343B693A313B693A333B7D7D7D7D733A353A227465616D73223B613A383A7B693A303B613A323A7B693A303B733A31343A22D8A7D8B3D8AAD8B1D8A7D8ADD8AA223B693A313B733A32313A22D8A8D987D8B1D988D8B220D988D8ABD988D982DB8C223B7D693A313B613A323A7B693A303B733A31343A22D8A7D8B3D8AAD8B1D8A7D8ADD8AA223B693A313B733A31393A22D8B9D984DB8C20D8A7D8B5D8ADD8A7D8A8DB8C223B7D693A323B613A323A7B693A303B733A31343A22D8A7D8B3D8AAD8B1D8A7D8ADD8AA223B693A313B733A31383A22D8B9D984DB8C2020D8B2D8A7D8B1D8B9DB8C223B7D693A333B613A323A7B693A303B733A31323A22D8A8D987D8A7D8B120474846223B693A313B733A31343A22D981D8B1D8B4D8A7D8AF20474846223B7D693A343B613A323A7B693A303B733A31343A22D8A7D8B3DAAFD8B1DB8C20474846223B693A313B733A31303A22D8A2D8B1D8B4204B4846223B7D693A353B613A323A7B693A303B733A31303A22D8B1D8B6D8A720474846223B693A313B733A31323A22D8B4D987D8A7D8A820474846223B7D693A363B613A323A7B693A303B733A31323A22D8ADD8A7D985D8AF20474846223B693A313B733A31343A22D8A7D8B3D8AAD8B1D8A7D8ADD8AA223B7D693A373B613A323A7B693A303B733A31343A22D8B1D8A7D985DB8CD98620474846223B693A313B733A31343A22D8A7D8B3D8AAD8B1D8A7D8ADD8AA223B7D7D7D, '2015-08-24 14:33:42'), ('44', '87', '62', '152', 0x613A323A7B733A373A22726573756C7473223B613A343A7B693A303B613A323A7B693A303B693A303B693A313B693A313B7D693A313B613A303A7B7D693A323B613A303A7B7D693A333B613A303A7B7D7D733A353A227465616D73223B613A343A7B693A303B613A323A7B693A303B733A31343A22D8A7D8B3D8AAD8B1D8A7D8ADD8AA223B693A313B733A32383A22D9BEDA98D985D8A7D98620D987D8A7D8AFDB8C20D8B2D8A7D8AFD987223B7D693A313B613A323A7B693A303B733A32363A22DB8CD8ADDB8CDB8C20D8B5D8A7D984D8AD20D8B2D8A7D8AFD987223B693A313B733A32363A22D985D987D8B1D8A7D8A820D8ADD8A7D8ACD8AA20D9BED988D8B1223B7D693A323B613A323A7B693A303B733A32313A22D985D8B5D8B7D981DB8C20DAA9D8A7D8B1DAAFD8B1223B693A313B733A33333A22D985D8ADD985D8AF20D8B9D984DB8C20D8A2D8B2D8A7D8AFDB8C20D8B7D984D8A8223B7D693A333B613A323A7B693A303B733A32313A22D985D8B5D8B7D981DB8C20DAA9D8A7D8B1DAAFD8B1223B693A313B733A32333A22D981D8B1D8B4D8A7D8AF20DAA9DB8CD987D8A7D986DB8C223B7D7D7D, '2015-08-26 22:09:18'), ('45', '87', '62', '152', 0x4F3A383A22737464436C617373223A323A7B733A373A22726573756C7473223B613A313A7B693A303B613A333A7B693A303B613A343A7B693A303B613A323A7B693A303B693A303B693A313B693A313B7D693A313B613A323A7B693A303B693A303B693A313B4E3B7D693A323B613A323A7B693A303B4E3B693A313B4E3B7D693A333B613A323A7B693A303B4E3B693A313B4E3B7D7D693A313B613A323A7B693A303B613A323A7B693A303B4E3B693A313B4E3B7D693A313B613A323A7B693A303B4E3B693A313B4E3B7D7D693A323B613A323A7B693A303B613A323A7B693A303B4E3B693A313B4E3B7D693A313B613A323A7B693A303B4E3B693A313B4E3B7D7D7D7D733A353A227465616D73223B613A343A7B693A303B613A323A7B693A303B733A31343A22D8A7D8B3D8AAD8B1D8A7D8ADD8AA223B693A313B733A32383A22D9BEDA98D985D8A7D98620D987D8A7D8AFDB8C20D8B2D8A7D8AFD987223B7D693A313B613A323A7B693A303B733A32363A22DB8CD8ADDB8CDB8C20D8B5D8A7D984D8AD20D8B2D8A7D8AFD987223B693A313B733A32363A22D985D987D8B1D8A7D8A820D8ADD8A7D8ACD8AA20D9BED988D8B1223B7D693A323B613A323A7B693A303B733A32313A22D985D8B5D8B7D981DB8C20DAA9D8A7D8B1DAAFD8B1223B693A313B733A33333A22D985D8ADD985D8AF20D8B9D984DB8C20D8A2D8B2D8A7D8AFDB8C20D8B7D984D8A8223B7D693A333B613A323A7B693A303B733A32313A22D985D8B5D8B7D981DB8C20DAA9D8A7D8B1DAAFD8B1223B693A313B733A32333A22D981D8B1D8B4D8A7D8AF20DAA9DB8CD987D8A7D986DB8C223B7D7D7D, '2015-08-26 22:10:09'), ('46', '87', '62', '152', 0x4F3A383A22737464436C617373223A323A7B733A373A22726573756C7473223B613A313A7B693A303B613A333A7B693A303B613A343A7B693A303B613A323A7B693A303B693A303B693A313B693A313B7D693A313B613A323A7B693A303B693A303B693A313B4E3B7D693A323B613A323A7B693A303B4E3B693A313B4E3B7D693A333B613A323A7B693A303B4E3B693A313B4E3B7D7D693A313B613A323A7B693A303B613A323A7B693A303B4E3B693A313B4E3B7D693A313B613A323A7B693A303B4E3B693A313B4E3B7D7D693A323B613A323A7B693A303B613A323A7B693A303B4E3B693A313B4E3B7D693A313B613A323A7B693A303B4E3B693A313B4E3B7D7D7D7D733A353A227465616D73223B613A343A7B693A303B613A323A7B693A303B733A31343A22D8A7D8B3D8AAD8B1D8A7D8ADD8AA223B693A313B733A32383A22D9BEDA98D985D8A7D98620D987D8A7D8AFDB8C20D8B2D8A7D8AFD987223B7D693A313B613A323A7B693A303B733A32363A22DB8CD8ADDB8CDB8C20D8B5D8A7D984D8AD20D8B2D8A7D8AFD987223B693A313B733A32363A22D985D987D8B1D8A7D8A820D8ADD8A7D8ACD8AA20D9BED988D8B1223B7D693A323B613A323A7B693A303B733A32313A22D985D8B5D8B7D981DB8C20DAA9D8A7D8B1DAAFD8B1223B693A313B733A33333A22D985D8ADD985D8AF20D8B9D984DB8C20D8A2D8B2D8A7D8AFDB8C20D8B7D984D8A8223B7D693A333B613A323A7B693A303B733A32313A22D985D8B5D8B7D981DB8C20DAA9D8A7D8B1DAAFD8B1223B693A313B733A32333A22D981D8B1D8B4D8A7D8AF20DAA9DB8CD987D8A7D986DB8C223B7D7D7D, '2015-08-26 22:12:23'), ('47', '87', '62', '152', 0x4F3A383A22737464436C617373223A323A7B733A373A22726573756C7473223B613A313A7B693A303B613A333A7B693A303B613A343A7B693A303B613A323A7B693A303B693A303B693A313B693A313B7D693A313B613A323A7B693A303B693A303B693A313B693A31353B7D693A323B613A323A7B693A303B4E3B693A313B4E3B7D693A333B613A323A7B693A303B4E3B693A313B4E3B7D7D693A313B613A323A7B693A303B613A323A7B693A303B4E3B693A313B4E3B7D693A313B613A323A7B693A303B4E3B693A313B4E3B7D7D693A323B613A323A7B693A303B613A323A7B693A303B4E3B693A313B4E3B7D693A313B613A323A7B693A303B4E3B693A313B4E3B7D7D7D7D733A353A227465616D73223B613A343A7B693A303B613A323A7B693A303B733A31343A22D8A7D8B3D8AAD8B1D8A7D8ADD8AA223B693A313B733A32383A22D9BEDA98D985D8A7D98620D987D8A7D8AFDB8C20D8B2D8A7D8AFD987223B7D693A313B613A323A7B693A303B733A32363A22DB8CD8ADDB8CDB8C20D8B5D8A7D984D8AD20D8B2D8A7D8AFD987223B693A313B733A32363A22D985D987D8B1D8A7D8A820D8ADD8A7D8ACD8AA20D9BED988D8B1223B7D693A323B613A323A7B693A303B733A32313A22D985D8B5D8B7D981DB8C20DAA9D8A7D8B1DAAFD8B1223B693A313B733A33333A22D985D8ADD985D8AF20D8B9D984DB8C20D8A2D8B2D8A7D8AFDB8C20D8B7D984D8A8223B7D693A333B613A323A7B693A303B733A32313A22D985D8B5D8B7D981DB8C20DAA9D8A7D8B1DAAFD8B1223B693A313B733A32333A22D981D8B1D8B4D8A7D8AF20DAA9DB8CD987D8A7D986DB8C223B7D7D7D, '2015-08-26 22:26:37'), ('48', '76', '3', '152', 0x4F3A383A22737464436C617373223A323A7B733A373A22726573756C7473223B613A313A7B693A303B613A343A7B693A303B613A383A7B693A303B613A323A7B693A303B693A303B693A313B693A313B7D693A313B613A323A7B693A303B693A303B693A313B693A313B7D693A323B613A323A7B693A303B693A303B693A313B693A313B7D693A333B613A323A7B693A303B693A353B693A313B693A363B7D693A343B613A323A7B693A303B693A343B693A313B693A353B7D693A353B613A323A7B693A303B693A343B693A313B693A333B7D693A363B613A323A7B693A303B693A313B693A313B693A303B7D693A373B613A323A7B693A303B693A313B693A313B693A303B7D7D693A313B613A343A7B693A303B613A323A7B693A303B693A343B693A313B693A333B7D693A313B613A323A7B693A303B693A353B693A313B693A313B7D693A323B613A323A7B693A303B693A313B693A313B693A333B7D693A333B613A323A7B693A303B693A353B693A313B693A363B7D7D693A323B613A323A7B693A303B613A323A7B693A303B693A343B693A313B693A333B7D693A313B613A323A7B693A303B693A313B693A313B693A323B7D7D693A333B613A323A7B693A303B613A323A7B693A303B693A313B693A313B693A323B7D693A313B613A323A7B693A303B693A343B693A313B693A333B7D7D7D7D733A353A227465616D73223B613A383A7B693A303B613A323A7B693A303B733A31343A22D8A7D8B3D8AAD8B1D8A7D8ADD8AA223B693A313B733A34313A22D8A8D987D8B1D988D8B220D988D8ABD988D8B1D988D8AD20D8A7D984D984D98720D982DB8CD8B1D988223B7D693A313B613A323A7B693A303B733A31343A22D8A7D8B3D8AAD8B1D8A7D8ADD8AA223B693A313B733A31393A22D8B9D984DB8C20D8A7D8B5D8ADD8A7D8A8DB8C223B7D693A323B613A323A7B693A303B733A31343A22D8A7D8B3D8AAD8B1D8A7D8ADD8AA223B693A313B733A31383A22D8B9D984DB8C2020D8B2D8A7D8B1D8B9DB8C223B7D693A333B613A323A7B693A303B733A31323A22D8A8D987D8A7D8B120474846223B693A313B733A31343A22D981D8B1D8B4D8A7D8AF20474846223B7D693A343B613A323A7B693A303B733A31343A22D8A7D8B3DAAFD8B1DB8C20474846223B693A313B733A31303A22D8A2D8B1D8B4204B4846223B7D693A353B613A323A7B693A303B733A31303A22D8B1D8B6D8A720474846223B693A313B733A31323A22D8B4D987D8A7D8A820474846223B7D693A363B613A323A7B693A303B733A31323A22D8ADD8A7D985D8AF20474846223B693A313B733A31343A22D8A7D8B3D8AAD8B1D8A7D8ADD8AA223B7D693A373B613A323A7B693A303B733A31343A22D8B1D8A7D985DB8CD98620474846223B693A313B733A31343A22D8A7D8B3D8AAD8B1D8A7D8ADD8AA223B7D7D7D, '2015-08-26 22:27:45'), ('49', '76', '3', '152', 0x4F3A383A22737464436C617373223A323A7B733A373A22726573756C7473223B613A313A7B693A303B613A343A7B693A303B613A383A7B693A303B613A323A7B693A303B693A303B693A313B693A313B7D693A313B613A323A7B693A303B693A303B693A313B693A313B7D693A323B613A323A7B693A303B693A303B693A313B693A313B7D693A333B613A323A7B693A303B693A353B693A313B693A363B7D693A343B613A323A7B693A303B693A343B693A313B693A353B7D693A353B613A323A7B693A303B693A343B693A313B693A333B7D693A363B613A323A7B693A303B693A313B693A313B693A303B7D693A373B613A323A7B693A303B693A313B693A313B693A303B7D7D693A313B613A343A7B693A303B613A323A7B693A303B693A343B693A313B693A333B7D693A313B613A323A7B693A303B693A353B693A313B693A313B7D693A323B613A323A7B693A303B693A313B693A313B693A333B7D693A333B613A323A7B693A303B693A353B693A313B693A363B7D7D693A323B613A323A7B693A303B613A323A7B693A303B693A343B693A313B693A333B7D693A313B613A323A7B693A303B693A313B693A313B693A323B7D7D693A333B613A323A7B693A303B613A323A7B693A303B693A313B693A313B693A323B7D693A313B613A323A7B693A303B693A343B693A313B693A333B7D7D7D7D733A353A227465616D73223B613A383A7B693A303B613A323A7B693A303B733A31343A22D8A7D8B3D8AAD8B1D8A7D8ADD8AA223B693A313B733A34313A22D8A8D987D8B1D988D8B220D988D8ABD988D8B1D988D8AD20D8A7D984D984D98720D982DB8CD8B1D988223B7D693A313B613A323A7B693A303B733A31343A22D8A7D8B3D8AAD8B1D8A7D8ADD8AA223B693A313B733A31393A22D8B9D984DB8C20D8A7D8B5D8ADD8A7D8A8DB8C223B7D693A323B613A323A7B693A303B733A31343A22D8A7D8B3D8AAD8B1D8A7D8ADD8AA223B693A313B733A31383A22D8B9D984DB8C2020D8B2D8A7D8B1D8B9DB8C223B7D693A333B613A323A7B693A303B733A31323A22D8A8D987D8A7D8B120474846223B693A313B733A31343A22D981D8B1D8B4D8A7D8AF20474846223B7D693A343B613A323A7B693A303B733A31343A22D8A7D8B3DAAFD8B1DB8C20474846223B693A313B733A31303A22D8A2D8B1D8B4204B4846223B7D693A353B613A323A7B693A303B733A31303A22D8B1D8B6D8A720474846223B693A313B733A31323A22D8B4D987D8A7D8A820474846223B7D693A363B613A323A7B693A303B733A31323A22D8ADD8A7D985D8AF20474846223B693A313B733A31343A22D8A7D8B3D8AAD8B1D8A7D8ADD8AA223B7D693A373B613A323A7B693A303B733A31343A22D8B1D8A7D985DB8CD98620474846223B693A313B733A31343A22D8A7D8B3D8AAD8B1D8A7D8ADD8AA223B7D7D7D, '2015-08-26 22:27:47'), ('50', '76', '3', '152', 0x4F3A383A22737464436C617373223A323A7B733A373A22726573756C7473223B613A313A7B693A303B613A343A7B693A303B613A383A7B693A303B613A323A7B693A303B693A303B693A313B693A313B7D693A313B613A323A7B693A303B693A303B693A313B693A313B7D693A323B613A323A7B693A303B693A303B693A313B693A313B7D693A333B613A323A7B693A303B693A353B693A313B693A363B7D693A343B613A323A7B693A303B693A343B693A313B693A353B7D693A353B613A323A7B693A303B693A343B693A313B693A333B7D693A363B613A323A7B693A303B693A313B693A313B693A303B7D693A373B613A323A7B693A303B693A313B693A313B693A303B7D7D693A313B613A343A7B693A303B613A323A7B693A303B693A343B693A313B693A333B7D693A313B613A323A7B693A303B693A353B693A313B693A313B7D693A323B613A323A7B693A303B693A313B693A313B693A333B7D693A333B613A323A7B693A303B693A353B693A313B693A363B7D7D693A323B613A323A7B693A303B613A323A7B693A303B693A343B693A313B693A333B7D693A313B613A323A7B693A303B693A313B693A313B693A323B7D7D693A333B613A323A7B693A303B613A323A7B693A303B693A313B693A313B693A323B7D693A313B613A323A7B693A303B693A343B693A313B693A333B7D7D7D7D733A353A227465616D73223B613A383A7B693A303B613A323A7B693A303B733A31343A22D8A7D8B3D8AAD8B1D8A7D8ADD8AA223B693A313B733A33313A22D8B1D988D8AD20D8A7D984D984D98720D8B5D8A7D8AFD98220D986D8B3D8A8223B7D693A313B613A323A7B693A303B733A31343A22D8A7D8B3D8AAD8B1D8A7D8ADD8AA223B693A313B733A31393A22D8B9D984DB8C20D8A7D8B5D8ADD8A7D8A8DB8C223B7D693A323B613A323A7B693A303B733A31343A22D8A7D8B3D8AAD8B1D8A7D8ADD8AA223B693A313B733A31383A22D8B9D984DB8C2020D8B2D8A7D8B1D8B9DB8C223B7D693A333B613A323A7B693A303B733A31323A22D8A8D987D8A7D8B120474846223B693A313B733A31343A22D981D8B1D8B4D8A7D8AF20474846223B7D693A343B613A323A7B693A303B733A31343A22D8A7D8B3DAAFD8B1DB8C20474846223B693A313B733A31303A22D8A2D8B1D8B4204B4846223B7D693A353B613A323A7B693A303B733A31303A22D8B1D8B6D8A720474846223B693A313B733A31323A22D8B4D987D8A7D8A820474846223B7D693A363B613A323A7B693A303B733A31323A22D8ADD8A7D985D8AF20474846223B693A313B733A31343A22D8A7D8B3D8AAD8B1D8A7D8ADD8AA223B7D693A373B613A323A7B693A303B733A31343A22D8B1D8A7D985DB8CD98620474846223B693A313B733A31343A22D8A7D8B3D8AAD8B1D8A7D8ADD8AA223B7D7D7D, '2015-08-26 22:27:59'), ('51', '76', '3', '152', 0x4F3A383A22737464436C617373223A323A7B733A373A22726573756C7473223B613A313A7B693A303B613A343A7B693A303B613A383A7B693A303B613A323A7B693A303B693A303B693A313B693A313B7D693A313B613A323A7B693A303B693A303B693A313B693A313B7D693A323B613A323A7B693A303B693A303B693A313B693A313B7D693A333B613A323A7B693A303B693A353B693A313B693A363B7D693A343B613A323A7B693A303B693A343B693A313B693A353B7D693A353B613A323A7B693A303B693A343B693A313B693A333B7D693A363B613A323A7B693A303B693A313B693A313B693A303B7D693A373B613A323A7B693A303B693A313B693A313B693A303B7D7D693A313B613A343A7B693A303B613A323A7B693A303B693A343B693A313B693A333B7D693A313B613A323A7B693A303B693A353B693A313B693A313B7D693A323B613A323A7B693A303B693A313B693A313B693A333B7D693A333B613A323A7B693A303B693A353B693A313B693A363B7D7D693A323B613A323A7B693A303B613A323A7B693A303B693A343B693A313B693A333B7D693A313B613A323A7B693A303B693A313B693A313B693A323B7D7D693A333B613A323A7B693A303B613A323A7B693A303B693A313B693A313B693A323B7D693A313B613A323A7B693A303B693A343B693A313B693A333B7D7D7D7D733A353A227465616D73223B613A383A7B693A303B613A323A7B693A303B733A31343A22D8A7D8B3D8AAD8B1D8A7D8ADD8AA223B693A313B733A33313A22D8B1D988D8AD20D8A7D984D984D98720D8B5D8A7D8AFD98220D986D8B3D8A8223B7D693A313B613A323A7B693A303B733A31343A22D8A7D8B3D8AAD8B1D8A7D8ADD8AA223B693A313B733A31393A22D8B9D984DB8C20D8A7D8B5D8ADD8A7D8A8DB8C223B7D693A323B613A323A7B693A303B733A31343A22D8A7D8B3D8AAD8B1D8A7D8ADD8AA223B693A313B733A31383A22D8B9D984DB8C2020D8B2D8A7D8B1D8B9DB8C223B7D693A333B613A323A7B693A303B733A31323A22D8A8D987D8A7D8B120474846223B693A313B733A31343A22D981D8B1D8B4D8A7D8AF20474846223B7D693A343B613A323A7B693A303B733A31343A22D8A7D8B3DAAFD8B1DB8C20474846223B693A313B733A31303A22D8A2D8B1D8B4204B4846223B7D693A353B613A323A7B693A303B733A31303A22D8B1D8B6D8A720474846223B693A313B733A31323A22D8B4D987D8A7D8A820474846223B7D693A363B613A323A7B693A303B733A31323A22D8ADD8A7D985D8AF20474846223B693A313B733A31343A22D8A7D8B3D8AAD8B1D8A7D8ADD8AA223B7D693A373B613A323A7B693A303B733A31343A22D8B1D8A7D985DB8CD98620474846223B693A313B733A31343A22D8A7D8B3D8AAD8B1D8A7D8ADD8AA223B7D7D7D, '2015-08-28 14:59:08'), ('52', '76', '3', '152', 0x4F3A383A22737464436C617373223A323A7B733A373A22726573756C7473223B613A313A7B693A303B613A343A7B693A303B613A383A7B693A303B613A323A7B693A303B693A303B693A313B693A313B7D693A313B613A323A7B693A303B693A303B693A313B693A313B7D693A323B613A323A7B693A303B693A303B693A313B693A313B7D693A333B613A323A7B693A303B693A353B693A313B693A363B7D693A343B613A323A7B693A303B693A343B693A313B693A353B7D693A353B613A323A7B693A303B693A343B693A313B693A333B7D693A363B613A323A7B693A303B693A313B693A313B693A303B7D693A373B613A323A7B693A303B693A313B693A313B693A303B7D7D693A313B613A343A7B693A303B613A323A7B693A303B693A343B693A313B693A333B7D693A313B613A323A7B693A303B693A353B693A313B693A313B7D693A323B613A323A7B693A303B693A313B693A313B693A333B7D693A333B613A323A7B693A303B693A353B693A313B693A363B7D7D693A323B613A323A7B693A303B613A323A7B693A303B693A343B693A313B693A333B7D693A313B613A323A7B693A303B693A313B693A313B693A323B7D7D693A333B613A323A7B693A303B613A323A7B693A303B693A313B693A313B693A323B7D693A313B613A323A7B693A303B693A343B693A313B693A333B7D7D7D7D733A353A227465616D73223B613A383A7B693A303B613A323A7B693A303B733A31343A22D8A7D8B3D8AAD8B1D8A7D8ADD8AA223B693A313B733A33313A22D8B1D988D8AD20D8A7D984D984D98720D8B5D8A7D8AFD98220D986D8B3D8A8223B7D693A313B613A323A7B693A303B733A31343A22D8A7D8B3D8AAD8B1D8A7D8ADD8AA223B693A313B733A31393A22D8B9D984DB8C20D8A7D8B5D8ADD8A7D8A8DB8C223B7D693A323B613A323A7B693A303B733A31343A22D8A7D8B3D8AAD8B1D8A7D8ADD8AA223B693A313B733A31383A22D8B9D984DB8C2020D8B2D8A7D8B1D8B9DB8C223B7D693A333B613A323A7B693A303B733A31323A22D8A8D987D8A7D8B120474846223B693A313B733A31343A22D981D8B1D8B4D8A7D8AF20474846223B7D693A343B613A323A7B693A303B733A31343A22D8A7D8B3DAAFD8B1DB8C20474846223B693A313B733A31303A22D8A2D8B1D8B4204B4846223B7D693A353B613A323A7B693A303B733A31303A22D8B1D8B6D8A720474846223B693A313B733A31323A22D8B4D987D8A7D8A820474846223B7D693A363B613A323A7B693A303B733A31323A22D8ADD8A7D985D8AF20474846223B693A313B733A31343A22D8A7D8B3D8AAD8B1D8A7D8ADD8AA223B7D693A373B613A323A7B693A303B733A31343A22D8B1D8A7D985DB8CD98620474846223B693A313B733A31343A22D8A7D8B3D8AAD8B1D8A7D8ADD8AA223B7D7D7D, '2015-08-28 14:59:21'), ('53', '76', '3', '152', 0x4F3A383A22737464436C617373223A323A7B733A373A22726573756C7473223B613A313A7B693A303B613A343A7B693A303B613A383A7B693A303B613A323A7B693A303B693A303B693A313B693A313B7D693A313B613A323A7B693A303B693A303B693A313B693A313B7D693A323B613A323A7B693A303B693A303B693A313B693A313B7D693A333B613A323A7B693A303B693A353B693A313B693A363B7D693A343B613A323A7B693A303B693A343B693A313B693A353B7D693A353B613A323A7B693A303B693A343B693A313B693A333B7D693A363B613A323A7B693A303B693A313B693A313B693A303B7D693A373B613A323A7B693A303B693A313B693A313B693A303B7D7D693A313B613A343A7B693A303B613A323A7B693A303B693A343B693A313B693A333B7D693A313B613A323A7B693A303B693A353B693A313B693A313B7D693A323B613A323A7B693A303B693A313B693A313B693A333B7D693A333B613A323A7B693A303B693A353B693A313B693A363B7D7D693A323B613A323A7B693A303B613A323A7B693A303B693A343B693A313B693A333B7D693A313B613A323A7B693A303B693A313B693A313B693A323B7D7D693A333B613A323A7B693A303B613A323A7B693A303B693A313B693A313B693A323B7D693A313B613A323A7B693A303B693A343B693A313B693A333B7D7D7D7D733A353A227465616D73223B613A383A7B693A303B613A323A7B693A303B733A31343A22D8A7D8B3D8AAD8B1D8A7D8ADD8AA223B693A313B733A33313A22D8B1D988D8AD20D8A7D984D984D98720D8B5D8A7D8AFD98220D986D8B3D8A8223B7D693A313B613A323A7B693A303B733A31343A22D8A7D8B3D8AAD8B1D8A7D8ADD8AA223B693A313B733A31393A22D8B9D984DB8C20D8A7D8B5D8ADD8A7D8A8DB8C223B7D693A323B613A323A7B693A303B733A31343A22D8A7D8B3D8AAD8B1D8A7D8ADD8AA223B693A313B733A31383A22D8B9D984DB8C2020D8B2D8A7D8B1D8B9DB8C223B7D693A333B613A323A7B693A303B733A31323A22D8A8D987D8A7D8B120474846223B693A313B733A31343A22D981D8B1D8B4D8A7D8AF20474846223B7D693A343B613A323A7B693A303B733A31343A22D8A7D8B3DAAFD8B1DB8C20474846223B693A313B733A31303A22D8A2D8B1D8B4204B4846223B7D693A353B613A323A7B693A303B733A31303A22D8B1D8B6D8A720474846223B693A313B733A31323A22D8B4D987D8A7D8A820474846223B7D693A363B613A323A7B693A303B733A31323A22D8ADD8A7D985D8AF20474846223B693A313B733A31343A22D8A7D8B3D8AAD8B1D8A7D8ADD8AA223B7D693A373B613A323A7B693A303B733A31343A22D8B1D8A7D985DB8CD98620474846223B693A313B733A31343A22D8A7D8B3D8AAD8B1D8A7D8ADD8AA223B7D7D7D, '2015-08-28 15:01:02'), ('54', '76', '3', '152', 0x4F3A383A22737464436C617373223A323A7B733A373A22726573756C7473223B613A313A7B693A303B613A343A7B693A303B613A383A7B693A303B613A323A7B693A303B693A303B693A313B693A313B7D693A313B613A323A7B693A303B693A303B693A313B693A313B7D693A323B613A323A7B693A303B693A303B693A313B693A313B7D693A333B613A323A7B693A303B693A353B693A313B693A363B7D693A343B613A323A7B693A303B693A343B693A313B693A353B7D693A353B613A323A7B693A303B693A343B693A313B693A333B7D693A363B613A323A7B693A303B693A313B693A313B693A303B7D693A373B613A323A7B693A303B693A313B693A313B693A303B7D7D693A313B613A343A7B693A303B613A323A7B693A303B693A343B693A313B693A333B7D693A313B613A323A7B693A303B693A353B693A313B693A313B7D693A323B613A323A7B693A303B693A313B693A313B693A333B7D693A333B613A323A7B693A303B693A353B693A313B693A363B7D7D693A323B613A323A7B693A303B613A323A7B693A303B693A343B693A313B693A333B7D693A313B613A323A7B693A303B693A313B693A313B693A323B7D7D693A333B613A323A7B693A303B613A323A7B693A303B693A313B693A313B693A323B7D693A313B613A323A7B693A303B693A343B693A313B693A333B7D7D7D7D733A353A227465616D73223B613A383A7B693A303B613A323A7B693A303B733A31343A22D8A7D8B3D8AAD8B1D8A7D8ADD8AA223B693A313B733A33313A22D8B1D988D8AD20D8A7D984D984D98720D8B5D8A7D8AFD98220D986D8B3D8A8223B7D693A313B613A323A7B693A303B733A31343A22D8A7D8B3D8AAD8B1D8A7D8ADD8AA223B693A313B733A31393A22D8B9D984DB8C20D8A7D8B5D8ADD8A7D8A8DB8C223B7D693A323B613A323A7B693A303B733A31343A22D8A7D8B3D8AAD8B1D8A7D8ADD8AA223B693A313B733A31383A22D8B9D984DB8C2020D8B2D8A7D8B1D8B9DB8C223B7D693A333B613A323A7B693A303B733A31323A22D8A8D987D8A7D8B120474846223B693A313B733A31343A22D981D8B1D8B4D8A7D8AF20474846223B7D693A343B613A323A7B693A303B733A31343A22D8A7D8B3DAAFD8B1DB8C20474846223B693A313B733A31303A22D8A2D8B1D8B4204B4846223B7D693A353B613A323A7B693A303B733A31303A22D8B1D8B6D8A720474846223B693A313B733A31323A22D8B4D987D8A7D8A820474846223B7D693A363B613A323A7B693A303B733A31323A22D8ADD8A7D985D8AF20474846223B693A313B733A31343A22D8A7D8B3D8AAD8B1D8A7D8ADD8AA223B7D693A373B613A323A7B693A303B733A31343A22D8B1D8A7D985DB8CD98620474846223B693A313B733A31343A22D8A7D8B3D8AAD8B1D8A7D8ADD8AA223B7D7D7D, '2015-08-28 15:01:18'), ('55', '76', '3', '152', 0x4F3A383A22737464436C617373223A323A7B733A373A22726573756C7473223B613A313A7B693A303B613A343A7B693A303B613A383A7B693A303B613A323A7B693A303B693A303B693A313B693A313B7D693A313B613A323A7B693A303B693A303B693A313B693A313B7D693A323B613A323A7B693A303B693A303B693A313B693A313B7D693A333B613A323A7B693A303B693A353B693A313B693A363B7D693A343B613A323A7B693A303B693A343B693A313B693A353B7D693A353B613A323A7B693A303B693A343B693A313B693A333B7D693A363B613A323A7B693A303B693A313B693A313B693A303B7D693A373B613A323A7B693A303B693A313B693A313B693A303B7D7D693A313B613A343A7B693A303B613A323A7B693A303B693A343B693A313B693A333B7D693A313B613A323A7B693A303B693A353B693A313B693A313B7D693A323B613A323A7B693A303B693A313B693A313B693A333B7D693A333B613A323A7B693A303B693A353B693A313B693A363B7D7D693A323B613A323A7B693A303B613A323A7B693A303B693A343B693A313B693A333B7D693A313B613A323A7B693A303B693A313B693A313B693A323B7D7D693A333B613A323A7B693A303B613A323A7B693A303B693A313B693A313B693A323B7D693A313B613A323A7B693A303B693A343B693A313B693A333B7D7D7D7D733A353A227465616D73223B613A383A7B693A303B613A323A7B693A303B733A31343A22D8A7D8B3D8AAD8B1D8A7D8ADD8AA223B693A313B733A33313A22D8B1D988D8AD20D8A7D984D984D98720D8B5D8A7D8AFD98220D986D8B3D8A8223B7D693A313B613A323A7B693A303B733A31343A22D8A7D8B3D8AAD8B1D8A7D8ADD8AA223B693A313B733A31393A22D8B9D984DB8C20D8A7D8B5D8ADD8A7D8A8DB8C223B7D693A323B613A323A7B693A303B733A31343A22D8A7D8B3D8AAD8B1D8A7D8ADD8AA223B693A313B733A31383A22D8B9D984DB8C2020D8B2D8A7D8B1D8B9DB8C223B7D693A333B613A323A7B693A303B733A31323A22D8A8D987D8A7D8B120474846223B693A313B733A31343A22D981D8B1D8B4D8A7D8AF20474846223B7D693A343B613A323A7B693A303B733A31343A22D8A7D8B3DAAFD8B1DB8C20474846223B693A313B733A31303A22D8A2D8B1D8B4204B4846223B7D693A353B613A323A7B693A303B733A31303A22D8B1D8B6D8A720474846223B693A313B733A31323A22D8B4D987D8A7D8A820474846223B7D693A363B613A323A7B693A303B733A31323A22D8ADD8A7D985D8AF20474846223B693A313B733A31343A22D8A7D8B3D8AAD8B1D8A7D8ADD8AA223B7D693A373B613A323A7B693A303B733A31343A22D8B1D8A7D985DB8CD98620474846223B693A313B733A31343A22D8A7D8B3D8AAD8B1D8A7D8ADD8AA223B7D7D7D, '2015-08-28 15:01:25'), ('56', '76', '3', '152', 0x4F3A383A22737464436C617373223A323A7B733A373A22726573756C7473223B613A313A7B693A303B613A343A7B693A303B613A383A7B693A303B613A323A7B693A303B693A303B693A313B693A313B7D693A313B613A323A7B693A303B693A303B693A313B693A313B7D693A323B613A323A7B693A303B693A303B693A313B693A313B7D693A333B613A323A7B693A303B693A353B693A313B693A363B7D693A343B613A323A7B693A303B693A343B693A313B693A353B7D693A353B613A323A7B693A303B693A343B693A313B693A333B7D693A363B613A323A7B693A303B693A313B693A313B693A303B7D693A373B613A323A7B693A303B693A313B693A313B693A303B7D7D693A313B613A343A7B693A303B613A323A7B693A303B693A343B693A313B693A333B7D693A313B613A323A7B693A303B693A353B693A313B693A313B7D693A323B613A323A7B693A303B693A313B693A313B693A333B7D693A333B613A323A7B693A303B693A353B693A313B693A363B7D7D693A323B613A323A7B693A303B613A323A7B693A303B693A343B693A313B693A333B7D693A313B613A323A7B693A303B693A313B693A313B693A323B7D7D693A333B613A323A7B693A303B613A323A7B693A303B693A313B693A313B693A323B7D693A313B613A323A7B693A303B693A343B693A313B693A333B7D7D7D7D733A353A227465616D73223B613A383A7B693A303B613A323A7B693A303B733A31343A22D8A7D8B3D8AAD8B1D8A7D8ADD8AA223B693A313B733A33313A22D8B1D988D8AD20D8A7D984D984D98720D8B5D8A7D8AFD98220D986D8B3D8A8223B7D693A313B613A323A7B693A303B733A31343A22D8A7D8B3D8AAD8B1D8A7D8ADD8AA223B693A313B733A31393A22D8B9D984DB8C20D8A7D8B5D8ADD8A7D8A8DB8C223B7D693A323B613A323A7B693A303B733A31343A22D8A7D8B3D8AAD8B1D8A7D8ADD8AA223B693A313B733A31383A22D8B9D984DB8C2020D8B2D8A7D8B1D8B9DB8C223B7D693A333B613A323A7B693A303B733A31323A22D8A8D987D8A7D8B120474846223B693A313B733A31343A22D981D8B1D8B4D8A7D8AF20474846223B7D693A343B613A323A7B693A303B733A31343A22D8A7D8B3DAAFD8B1DB8C20474846223B693A313B733A31303A22D8A2D8B1D8B4204B4846223B7D693A353B613A323A7B693A303B733A31303A22D8B1D8B6D8A720474846223B693A313B733A31323A22D8B4D987D8A7D8A820474846223B7D693A363B613A323A7B693A303B733A31323A22D8ADD8A7D985D8AF20474846223B693A313B733A31343A22D8A7D8B3D8AAD8B1D8A7D8ADD8AA223B7D693A373B613A323A7B693A303B733A31343A22D8B1D8A7D985DB8CD98620474846223B693A313B733A31343A22D8A7D8B3D8AAD8B1D8A7D8ADD8AA223B7D7D7D, '2015-08-28 15:02:36'), ('57', '76', '3', '152', 0x4F3A383A22737464436C617373223A323A7B733A373A22726573756C7473223B613A313A7B693A303B613A343A7B693A303B613A383A7B693A303B613A323A7B693A303B693A303B693A313B693A313B7D693A313B613A323A7B693A303B693A303B693A313B693A313B7D693A323B613A323A7B693A303B693A303B693A313B693A313B7D693A333B613A323A7B693A303B693A353B693A313B693A363B7D693A343B613A323A7B693A303B693A343B693A313B693A353B7D693A353B613A323A7B693A303B693A343B693A313B693A333B7D693A363B613A323A7B693A303B693A313B693A313B693A303B7D693A373B613A323A7B693A303B693A313B693A313B693A303B7D7D693A313B613A343A7B693A303B613A323A7B693A303B693A343B693A313B693A333B7D693A313B613A323A7B693A303B693A353B693A313B693A313B7D693A323B613A323A7B693A303B693A313B693A313B693A333B7D693A333B613A323A7B693A303B693A353B693A313B693A363B7D7D693A323B613A323A7B693A303B613A323A7B693A303B693A343B693A313B693A333B7D693A313B613A323A7B693A303B693A313B693A313B693A323B7D7D693A333B613A323A7B693A303B613A323A7B693A303B693A313B693A313B693A323B7D693A313B613A323A7B693A303B693A343B693A313B693A333B7D7D7D7D733A353A227465616D73223B613A383A7B693A303B613A323A7B693A303B733A31343A22D8A7D8B3D8AAD8B1D8A7D8ADD8AA223B693A313B733A33313A22D8B1D988D8AD20D8A7D984D984D98720D8B5D8A7D8AFD98220D986D8B3D8A8223B7D693A313B613A323A7B693A303B733A31343A22D8A7D8B3D8AAD8B1D8A7D8ADD8AA223B693A313B733A31393A22D8B9D984DB8C20D8A7D8B5D8ADD8A7D8A8DB8C223B7D693A323B613A323A7B693A303B733A31343A22D8A7D8B3D8AAD8B1D8A7D8ADD8AA223B693A313B733A31383A22D8B9D984DB8C2020D8B2D8A7D8B1D8B9DB8C223B7D693A333B613A323A7B693A303B733A31323A22D8A8D987D8A7D8B120474846223B693A313B733A31343A22D981D8B1D8B4D8A7D8AF20474846223B7D693A343B613A323A7B693A303B733A31343A22D8A7D8B3DAAFD8B1DB8C20474846223B693A313B733A31303A22D8A2D8B1D8B4204B4846223B7D693A353B613A323A7B693A303B733A31303A22D8B1D8B6D8A720474846223B693A313B733A31323A22D8B4D987D8A7D8A820474846223B7D693A363B613A323A7B693A303B733A31323A22D8ADD8A7D985D8AF20474846223B693A313B733A31343A22D8A7D8B3D8AAD8B1D8A7D8ADD8AA223B7D693A373B613A323A7B693A303B733A31343A22D8B1D8A7D985DB8CD98620474846223B693A313B733A31343A22D8A7D8B3D8AAD8B1D8A7D8ADD8AA223B7D7D7D, '2015-08-28 15:02:38'), ('58', '76', '3', '152', 0x4F3A383A22737464436C617373223A323A7B733A373A22726573756C7473223B613A313A7B693A303B613A343A7B693A303B613A383A7B693A303B613A323A7B693A303B693A303B693A313B693A313B7D693A313B613A323A7B693A303B693A303B693A313B693A313B7D693A323B613A323A7B693A303B693A303B693A313B693A313B7D693A333B613A323A7B693A303B693A353B693A313B693A363B7D693A343B613A323A7B693A303B693A343B693A313B693A353B7D693A353B613A323A7B693A303B693A343B693A313B693A333B7D693A363B613A323A7B693A303B693A313B693A313B693A303B7D693A373B613A323A7B693A303B693A313B693A313B693A303B7D7D693A313B613A343A7B693A303B613A323A7B693A303B693A343B693A313B693A333B7D693A313B613A323A7B693A303B693A353B693A313B693A313B7D693A323B613A323A7B693A303B693A313B693A313B693A333B7D693A333B613A323A7B693A303B693A353B693A313B693A363B7D7D693A323B613A323A7B693A303B613A323A7B693A303B693A343B693A313B693A333B7D693A313B613A323A7B693A303B693A313B693A313B693A323B7D7D693A333B613A323A7B693A303B613A323A7B693A303B693A313B693A313B693A323B7D693A313B613A323A7B693A303B693A343B693A313B693A333B7D7D7D7D733A353A227465616D73223B613A383A7B693A303B613A323A7B693A303B733A31343A22D8A7D8B3D8AAD8B1D8A7D8ADD8AA223B693A313B733A33373A22D8B9D984DB8CD8B1D988D8AD20D8A7D984D984D98720D8B5D8A7D8AFD98220D986D8B3D8A8223B7D693A313B613A323A7B693A303B733A31343A22D8A7D8B3D8AAD8B1D8A7D8ADD8AA223B693A313B733A31393A22D8B9D984DB8C20D8A7D8B5D8ADD8A7D8A8DB8C223B7D693A323B613A323A7B693A303B733A31343A22D8A7D8B3D8AAD8B1D8A7D8ADD8AA223B693A313B733A31383A22D8B9D984DB8C2020D8B2D8A7D8B1D8B9DB8C223B7D693A333B613A323A7B693A303B733A31323A22D8A8D987D8A7D8B120474846223B693A313B733A31343A22D981D8B1D8B4D8A7D8AF20474846223B7D693A343B613A323A7B693A303B733A31343A22D8A7D8B3DAAFD8B1DB8C20474846223B693A313B733A31303A22D8A2D8B1D8B4204B4846223B7D693A353B613A323A7B693A303B733A31303A22D8B1D8B6D8A720474846223B693A313B733A31323A22D8B4D987D8A7D8A820474846223B7D693A363B613A323A7B693A303B733A31323A22D8ADD8A7D985D8AF20474846223B693A313B733A31343A22D8A7D8B3D8AAD8B1D8A7D8ADD8AA223B7D693A373B613A323A7B693A303B733A31343A22D8B1D8A7D985DB8CD98620474846223B693A313B733A31343A22D8A7D8B3D8AAD8B1D8A7D8ADD8AA223B7D7D7D, '2015-08-28 15:02:42'), ('59', '76', '3', '152', 0x4F3A383A22737464436C617373223A323A7B733A373A22726573756C7473223B613A313A7B693A303B613A343A7B693A303B613A383A7B693A303B613A323A7B693A303B693A303B693A313B693A313B7D693A313B613A323A7B693A303B693A303B693A313B693A313B7D693A323B613A323A7B693A303B693A303B693A313B693A313B7D693A333B613A323A7B693A303B693A353B693A313B693A363B7D693A343B613A323A7B693A303B693A343B693A313B693A353B7D693A353B613A323A7B693A303B693A343B693A313B693A333B7D693A363B613A323A7B693A303B693A313B693A313B693A303B7D693A373B613A323A7B693A303B693A313B693A313B693A303B7D7D693A313B613A343A7B693A303B613A323A7B693A303B693A343B693A313B693A333B7D693A313B613A323A7B693A303B693A353B693A313B693A313B7D693A323B613A323A7B693A303B693A313B693A313B693A333B7D693A333B613A323A7B693A303B693A353B693A313B693A363B7D7D693A323B613A323A7B693A303B613A323A7B693A303B693A343B693A313B693A333B7D693A313B613A323A7B693A303B693A313B693A313B693A323B7D7D693A333B613A323A7B693A303B613A323A7B693A303B693A313B693A313B693A323B7D693A313B613A323A7B693A303B693A343B693A313B693A333B7D7D7D7D733A353A227465616D73223B613A383A7B693A303B613A323A7B693A303B733A31343A22D8A7D8B3D8AAD8B1D8A7D8ADD8AA223B693A313B733A363A22D8B9D984DB8C223B7D693A313B613A323A7B693A303B733A31343A22D8A7D8B3D8AAD8B1D8A7D8ADD8AA223B693A313B733A31393A22D8B9D984DB8C20D8A7D8B5D8ADD8A7D8A8DB8C223B7D693A323B613A323A7B693A303B733A31343A22D8A7D8B3D8AAD8B1D8A7D8ADD8AA223B693A313B733A31383A22D8B9D984DB8C2020D8B2D8A7D8B1D8B9DB8C223B7D693A333B613A323A7B693A303B733A31323A22D8A8D987D8A7D8B120474846223B693A313B733A31343A22D981D8B1D8B4D8A7D8AF20474846223B7D693A343B613A323A7B693A303B733A31343A22D8A7D8B3DAAFD8B1DB8C20474846223B693A313B733A31303A22D8A2D8B1D8B4204B4846223B7D693A353B613A323A7B693A303B733A31303A22D8B1D8B6D8A720474846223B693A313B733A31323A22D8B4D987D8A7D8A820474846223B7D693A363B613A323A7B693A303B733A31323A22D8ADD8A7D985D8AF20474846223B693A313B733A31343A22D8A7D8B3D8AAD8B1D8A7D8ADD8AA223B7D693A373B613A323A7B693A303B733A31343A22D8B1D8A7D985DB8CD98620474846223B693A313B733A31343A22D8A7D8B3D8AAD8B1D8A7D8ADD8AA223B7D7D7D, '2015-08-28 15:02:47'), ('60', '76', '3', '152', 0x4F3A383A22737464436C617373223A323A7B733A373A22726573756C7473223B613A313A7B693A303B613A343A7B693A303B613A383A7B693A303B613A323A7B693A303B693A303B693A313B693A313B7D693A313B613A323A7B693A303B693A303B693A313B693A313B7D693A323B613A323A7B693A303B693A303B693A313B693A313B7D693A333B613A323A7B693A303B693A353B693A313B693A363B7D693A343B613A323A7B693A303B693A343B693A313B693A353B7D693A353B613A323A7B693A303B693A343B693A313B693A333B7D693A363B613A323A7B693A303B693A313B693A313B693A303B7D693A373B613A323A7B693A303B693A313B693A313B693A303B7D7D693A313B613A343A7B693A303B613A323A7B693A303B693A343B693A313B693A333B7D693A313B613A323A7B693A303B693A353B693A313B693A313B7D693A323B613A323A7B693A303B693A313B693A313B693A333B7D693A333B613A323A7B693A303B693A353B693A313B693A363B7D7D693A323B613A323A7B693A303B613A323A7B693A303B693A343B693A313B693A333B7D693A313B613A323A7B693A303B693A313B693A313B693A323B7D7D693A333B613A323A7B693A303B613A323A7B693A303B693A313B693A313B693A323B7D693A313B613A323A7B693A303B693A343B693A313B693A333B7D7D7D7D733A353A227465616D73223B613A383A7B693A303B613A323A7B693A303B733A31343A22D8A7D8B3D8AAD8B1D8A7D8ADD8AA223B693A313B733A33313A22D8B1D988D8AD20D8A7D984D984D98720D8B5D8A7D8AFD98220D986D8B3D8A8223B7D693A313B613A323A7B693A303B733A31343A22D8A7D8B3D8AAD8B1D8A7D8ADD8AA223B693A313B733A31393A22D8B9D984DB8C20D8A7D8B5D8ADD8A7D8A8DB8C223B7D693A323B613A323A7B693A303B733A31343A22D8A7D8B3D8AAD8B1D8A7D8ADD8AA223B693A313B733A31383A22D8B9D984DB8C2020D8B2D8A7D8B1D8B9DB8C223B7D693A333B613A323A7B693A303B733A31323A22D8A8D987D8A7D8B120474846223B693A313B733A31343A22D981D8B1D8B4D8A7D8AF20474846223B7D693A343B613A323A7B693A303B733A31343A22D8A7D8B3DAAFD8B1DB8C20474846223B693A313B733A31303A22D8A2D8B1D8B4204B4846223B7D693A353B613A323A7B693A303B733A31303A22D8B1D8B6D8A720474846223B693A313B733A31323A22D8B4D987D8A7D8A820474846223B7D693A363B613A323A7B693A303B733A31323A22D8ADD8A7D985D8AF20474846223B693A313B733A31343A22D8A7D8B3D8AAD8B1D8A7D8ADD8AA223B7D693A373B613A323A7B693A303B733A31343A22D8B1D8A7D985DB8CD98620474846223B693A313B733A31343A22D8A7D8B3D8AAD8B1D8A7D8ADD8AA223B7D7D7D, '2015-08-28 15:02:53'), ('61', '76', '3', '152', 0x4F3A383A22737464436C617373223A323A7B733A373A22726573756C7473223B613A313A7B693A303B613A343A7B693A303B613A383A7B693A303B613A323A7B693A303B693A303B693A313B693A313B7D693A313B613A323A7B693A303B693A303B693A313B693A313B7D693A323B613A323A7B693A303B693A303B693A313B693A313B7D693A333B613A323A7B693A303B693A353B693A313B693A363B7D693A343B613A323A7B693A303B693A343B693A313B693A353B7D693A353B613A323A7B693A303B693A343B693A313B693A333B7D693A363B613A323A7B693A303B693A313B693A313B693A303B7D693A373B613A323A7B693A303B693A313B693A313B693A303B7D7D693A313B613A343A7B693A303B613A323A7B693A303B693A343B693A313B693A333B7D693A313B613A323A7B693A303B693A353B693A313B693A313B7D693A323B613A323A7B693A303B693A313B693A313B693A333B7D693A333B613A323A7B693A303B693A353B693A313B693A363B7D7D693A323B613A323A7B693A303B613A323A7B693A303B693A343B693A313B693A333B7D693A313B613A323A7B693A303B693A313B693A313B693A323B7D7D693A333B613A323A7B693A303B613A323A7B693A303B693A313B693A313B693A323B7D693A313B613A323A7B693A303B693A343B693A313B693A333B7D7D7D7D733A353A227465616D73223B613A383A7B693A303B613A323A7B693A303B733A31343A22D8A7D8B3D8AAD8B1D8A7D8ADD8AA223B693A313B733A33313A22D8B1D988D8AD20D8A7D984D984D98720D8B5D8A7D8AFD98220D986D8B3D8A8223B7D693A313B613A323A7B693A303B733A31343A22D8A7D8B3D8AAD8B1D8A7D8ADD8AA223B693A313B733A31393A22D8B9D984DB8C20D8A7D8B5D8ADD8A7D8A8DB8C223B7D693A323B613A323A7B693A303B733A31343A22D8A7D8B3D8AAD8B1D8A7D8ADD8AA223B693A313B733A31383A22D8B9D984DB8C2020D8B2D8A7D8B1D8B9DB8C223B7D693A333B613A323A7B693A303B733A31323A22D8A8D987D8A7D8B120474846223B693A313B733A31343A22D981D8B1D8B4D8A7D8AF20474846223B7D693A343B613A323A7B693A303B733A31343A22D8A7D8B3DAAFD8B1DB8C20474846223B693A313B733A31303A22D8A2D8B1D8B4204B4846223B7D693A353B613A323A7B693A303B733A31303A22D8B1D8B6D8A720474846223B693A313B733A31323A22D8B4D987D8A7D8A820474846223B7D693A363B613A323A7B693A303B733A31323A22D8ADD8A7D985D8AF20474846223B693A313B733A31343A22D8A7D8B3D8AAD8B1D8A7D8ADD8AA223B7D693A373B613A323A7B693A303B733A31343A22D8B1D8A7D985DB8CD98620474846223B693A313B733A31343A22D8A7D8B3D8AAD8B1D8A7D8ADD8AA223B7D7D7D, '2015-08-28 15:05:23'), ('62', '76', '3', '152', 0x4F3A383A22737464436C617373223A323A7B733A373A22726573756C7473223B613A313A7B693A303B613A343A7B693A303B613A383A7B693A303B613A323A7B693A303B693A303B693A313B693A313B7D693A313B613A323A7B693A303B693A303B693A313B693A313B7D693A323B613A323A7B693A303B693A303B693A313B693A313B7D693A333B613A323A7B693A303B693A353B693A313B693A363B7D693A343B613A323A7B693A303B693A343B693A313B693A353B7D693A353B613A323A7B693A303B693A343B693A313B693A333B7D693A363B613A323A7B693A303B693A313B693A313B693A303B7D693A373B613A323A7B693A303B693A313B693A313B693A303B7D7D693A313B613A343A7B693A303B613A323A7B693A303B693A343B693A313B693A333B7D693A313B613A323A7B693A303B693A353B693A313B693A313B7D693A323B613A323A7B693A303B693A313B693A313B693A333B7D693A333B613A323A7B693A303B693A353B693A313B693A363B7D7D693A323B613A323A7B693A303B613A323A7B693A303B693A343B693A313B693A333B7D693A313B613A323A7B693A303B693A313B693A313B693A323B7D7D693A333B613A323A7B693A303B613A323A7B693A303B693A313B693A313B693A323B7D693A313B613A323A7B693A303B693A343B693A313B693A333B7D7D7D7D733A353A227465616D73223B613A383A7B693A303B613A323A7B693A303B733A31343A22D8A7D8B3D8AAD8B1D8A7D8ADD8AA223B693A313B733A33313A22D8B1D988D8AD20D8A7D984D984D98720D8B5D8A7D8AFD98220D986D8B3D8A8223B7D693A313B613A323A7B693A303B733A31343A22D8A7D8B3D8AAD8B1D8A7D8ADD8AA223B693A313B733A31393A22D8B9D984DB8C20D8A7D8B5D8ADD8A7D8A8DB8C223B7D693A323B613A323A7B693A303B733A31343A22D8A7D8B3D8AAD8B1D8A7D8ADD8AA223B693A313B733A31383A22D8B9D984DB8C2020D8B2D8A7D8B1D8B9DB8C223B7D693A333B613A323A7B693A303B733A31323A22D8A8D987D8A7D8B120474846223B693A313B733A31343A22D981D8B1D8B4D8A7D8AF20474846223B7D693A343B613A323A7B693A303B733A31343A22D8A7D8B3DAAFD8B1DB8C20474846223B693A313B733A31303A22D8A2D8B1D8B4204B4846223B7D693A353B613A323A7B693A303B733A31303A22D8B1D8B6D8A720474846223B693A313B733A31323A22D8B4D987D8A7D8A820474846223B7D693A363B613A323A7B693A303B733A31323A22D8ADD8A7D985D8AF20474846223B693A313B733A31343A22D8A7D8B3D8AAD8B1D8A7D8ADD8AA223B7D693A373B613A323A7B693A303B733A31343A22D8B1D8A7D985DB8CD98620474846223B693A313B733A31343A22D8A7D8B3D8AAD8B1D8A7D8ADD8AA223B7D7D7D, '2015-08-28 15:05:24'), ('63', '76', '3', '152', 0x4F3A383A22737464436C617373223A323A7B733A373A22726573756C7473223B613A313A7B693A303B613A343A7B693A303B613A383A7B693A303B613A323A7B693A303B693A303B693A313B693A313B7D693A313B613A323A7B693A303B693A303B693A313B693A313B7D693A323B613A323A7B693A303B693A303B693A313B693A313B7D693A333B613A323A7B693A303B693A353B693A313B693A363B7D693A343B613A323A7B693A303B693A343B693A313B693A353B7D693A353B613A323A7B693A303B693A343B693A313B693A333B7D693A363B613A323A7B693A303B693A313B693A313B693A303B7D693A373B613A323A7B693A303B693A313B693A313B693A303B7D7D693A313B613A343A7B693A303B613A323A7B693A303B693A343B693A313B693A333B7D693A313B613A323A7B693A303B693A353B693A313B693A313B7D693A323B613A323A7B693A303B693A313B693A313B693A333B7D693A333B613A323A7B693A303B693A353B693A313B693A363B7D7D693A323B613A323A7B693A303B613A323A7B693A303B693A343B693A313B693A333B7D693A313B613A323A7B693A303B693A313B693A313B693A323B7D7D693A333B613A323A7B693A303B613A323A7B693A303B693A313B693A313B693A323B7D693A313B613A323A7B693A303B693A343B693A313B693A333B7D7D7D7D733A353A227465616D73223B613A383A7B693A303B613A323A7B693A303B733A31343A22D8A7D8B3D8AAD8B1D8A7D8ADD8AA223B693A313B733A33313A22D8B1D988D8AD20D8A7D984D984D98720D8B5D8A7D8AFD98220D986D8B3D8A8223B7D693A313B613A323A7B693A303B733A31343A22D8A7D8B3D8AAD8B1D8A7D8ADD8AA223B693A313B733A31393A22D8B9D984DB8C20D8A7D8B5D8ADD8A7D8A8DB8C223B7D693A323B613A323A7B693A303B733A31343A22D8A7D8B3D8AAD8B1D8A7D8ADD8AA223B693A313B733A31383A22D8B9D984DB8C2020D8B2D8A7D8B1D8B9DB8C223B7D693A333B613A323A7B693A303B733A31323A22D8A8D987D8A7D8B120474846223B693A313B733A31343A22D981D8B1D8B4D8A7D8AF20474846223B7D693A343B613A323A7B693A303B733A31343A22D8A7D8B3DAAFD8B1DB8C20474846223B693A313B733A31303A22D8A2D8B1D8B4204B4846223B7D693A353B613A323A7B693A303B733A31303A22D8B1D8B6D8A720474846223B693A313B733A31323A22D8B4D987D8A7D8A820474846223B7D693A363B613A323A7B693A303B733A31323A22D8ADD8A7D985D8AF20474846223B693A313B733A31343A22D8A7D8B3D8AAD8B1D8A7D8ADD8AA223B7D693A373B613A323A7B693A303B733A31343A22D8B1D8A7D985DB8CD98620474846223B693A313B733A31343A22D8A7D8B3D8AAD8B1D8A7D8ADD8AA223B7D7D7D, '2015-08-28 15:05:34'), ('64', '76', '3', '152', 0x4F3A383A22737464436C617373223A323A7B733A373A22726573756C7473223B613A313A7B693A303B613A343A7B693A303B613A383A7B693A303B613A323A7B693A303B693A303B693A313B693A313B7D693A313B613A323A7B693A303B693A303B693A313B693A313B7D693A323B613A323A7B693A303B693A303B693A313B693A313B7D693A333B613A323A7B693A303B693A353B693A313B693A363B7D693A343B613A323A7B693A303B693A343B693A313B693A353B7D693A353B613A323A7B693A303B693A343B693A313B693A333B7D693A363B613A323A7B693A303B693A313B693A313B693A303B7D693A373B613A323A7B693A303B693A313B693A313B693A303B7D7D693A313B613A343A7B693A303B613A323A7B693A303B693A343B693A313B693A333B7D693A313B613A323A7B693A303B693A353B693A313B693A313B7D693A323B613A323A7B693A303B693A313B693A313B693A333B7D693A333B613A323A7B693A303B693A353B693A313B693A363B7D7D693A323B613A323A7B693A303B613A323A7B693A303B693A343B693A313B693A333B7D693A313B613A323A7B693A303B693A313B693A313B693A323B7D7D693A333B613A323A7B693A303B613A323A7B693A303B693A313B693A313B693A323B7D693A313B613A323A7B693A303B693A343B693A313B693A333B7D7D7D7D733A353A227465616D73223B613A383A7B693A303B613A323A7B693A303B733A31343A22D8A7D8B3D8AAD8B1D8A7D8ADD8AA223B693A313B733A33313A22D8B1D988D8AD20D8A7D984D984D98720D8B5D8A7D8AFD98220D986D8B3D8A8223B7D693A313B613A323A7B693A303B733A31343A22D8A7D8B3D8AAD8B1D8A7D8ADD8AA223B693A313B733A31393A22D8B9D984DB8C20D8A7D8B5D8ADD8A7D8A8DB8C223B7D693A323B613A323A7B693A303B733A31343A22D8A7D8B3D8AAD8B1D8A7D8ADD8AA223B693A313B733A31383A22D8B9D984DB8C2020D8B2D8A7D8B1D8B9DB8C223B7D693A333B613A323A7B693A303B733A31323A22D8A8D987D8A7D8B120474846223B693A313B733A31343A22D981D8B1D8B4D8A7D8AF20474846223B7D693A343B613A323A7B693A303B733A31343A22D8A7D8B3DAAFD8B1DB8C20474846223B693A313B733A31303A22D8A2D8B1D8B4204B4846223B7D693A353B613A323A7B693A303B733A31303A22D8B1D8B6D8A720474846223B693A313B733A31323A22D8B4D987D8A7D8A820474846223B7D693A363B613A323A7B693A303B733A31323A22D8ADD8A7D985D8AF20474846223B693A313B733A31343A22D8A7D8B3D8AAD8B1D8A7D8ADD8AA223B7D693A373B613A323A7B693A303B733A31343A22D8B1D8A7D985DB8CD98620474846223B693A313B733A31343A22D8A7D8B3D8AAD8B1D8A7D8ADD8AA223B7D7D7D, '2015-08-28 15:05:35'), ('65', '76', '3', '152', 0x4F3A383A22737464436C617373223A323A7B733A373A22726573756C7473223B613A313A7B693A303B613A343A7B693A303B613A383A7B693A303B613A323A7B693A303B693A303B693A313B693A313B7D693A313B613A323A7B693A303B693A303B693A313B693A313B7D693A323B613A323A7B693A303B693A303B693A313B693A313B7D693A333B613A323A7B693A303B693A353B693A313B693A363B7D693A343B613A323A7B693A303B693A343B693A313B693A353B7D693A353B613A323A7B693A303B693A343B693A313B693A333B7D693A363B613A323A7B693A303B693A313B693A313B693A303B7D693A373B613A323A7B693A303B693A313B693A313B693A303B7D7D693A313B613A343A7B693A303B613A323A7B693A303B693A343B693A313B693A333B7D693A313B613A323A7B693A303B693A353B693A313B693A313B7D693A323B613A323A7B693A303B693A313B693A313B693A333B7D693A333B613A323A7B693A303B693A353B693A313B693A363B7D7D693A323B613A323A7B693A303B613A323A7B693A303B693A343B693A313B693A333B7D693A313B613A323A7B693A303B693A313B693A313B693A323B7D7D693A333B613A323A7B693A303B613A323A7B693A303B693A313B693A313B693A323B7D693A313B613A323A7B693A303B693A343B693A313B693A333B7D7D7D7D733A353A227465616D73223B613A383A7B693A303B613A323A7B693A303B733A31343A22D8A7D8B3D8AAD8B1D8A7D8ADD8AA223B693A313B733A33313A22D8B1D988D8AD20D8A7D984D984D98720D8B5D8A7D8AFD98220D986D8B3D8A8223B7D693A313B613A323A7B693A303B733A31343A22D8A7D8B3D8AAD8B1D8A7D8ADD8AA223B693A313B733A31393A22D8B9D984DB8C20D8A7D8B5D8ADD8A7D8A8DB8C223B7D693A323B613A323A7B693A303B733A31343A22D8A7D8B3D8AAD8B1D8A7D8ADD8AA223B693A313B733A31383A22D8B9D984DB8C2020D8B2D8A7D8B1D8B9DB8C223B7D693A333B613A323A7B693A303B733A31323A22D8A8D987D8A7D8B120474846223B693A313B733A31343A22D981D8B1D8B4D8A7D8AF20474846223B7D693A343B613A323A7B693A303B733A31343A22D8A7D8B3DAAFD8B1DB8C20474846223B693A313B733A31303A22D8A2D8B1D8B4204B4846223B7D693A353B613A323A7B693A303B733A31303A22D8B1D8B6D8A720474846223B693A313B733A31323A22D8B4D987D8A7D8A820474846223B7D693A363B613A323A7B693A303B733A31323A22D8ADD8A7D985D8AF20474846223B693A313B733A31343A22D8A7D8B3D8AAD8B1D8A7D8ADD8AA223B7D693A373B613A323A7B693A303B733A31343A22D8B1D8A7D985DB8CD98620474846223B693A313B733A31343A22D8A7D8B3D8AAD8B1D8A7D8ADD8AA223B7D7D7D, '2015-08-28 15:05:37'), ('66', '76', '3', '152', 0x4F3A383A22737464436C617373223A323A7B733A373A22726573756C7473223B613A313A7B693A303B613A343A7B693A303B613A383A7B693A303B613A323A7B693A303B693A303B693A313B693A313B7D693A313B613A323A7B693A303B693A303B693A313B693A313B7D693A323B613A323A7B693A303B693A303B693A313B693A313B7D693A333B613A323A7B693A303B693A353B693A313B693A363B7D693A343B613A323A7B693A303B693A343B693A313B693A353B7D693A353B613A323A7B693A303B693A343B693A313B693A333B7D693A363B613A323A7B693A303B693A313B693A313B693A303B7D693A373B613A323A7B693A303B693A313B693A313B693A303B7D7D693A313B613A343A7B693A303B613A323A7B693A303B693A343B693A313B693A333B7D693A313B613A323A7B693A303B693A353B693A313B693A313B7D693A323B613A323A7B693A303B693A313B693A313B693A333B7D693A333B613A323A7B693A303B693A353B693A313B693A363B7D7D693A323B613A323A7B693A303B613A323A7B693A303B693A343B693A313B693A333B7D693A313B613A323A7B693A303B693A313B693A313B693A323B7D7D693A333B613A323A7B693A303B613A323A7B693A303B693A313B693A313B693A323B7D693A313B613A323A7B693A303B693A343B693A313B693A333B7D7D7D7D733A353A227465616D73223B613A383A7B693A303B613A323A7B693A303B733A31343A22D8A7D8B3D8AAD8B1D8A7D8ADD8AA223B693A313B733A33313A22D8B1D988D8AD20D8A7D984D984D98720D8B5D8A7D8AFD98220D986D8B3D8A8223B7D693A313B613A323A7B693A303B733A31343A22D8A7D8B3D8AAD8B1D8A7D8ADD8AA223B693A313B733A31393A22D8B9D984DB8C20D8A7D8B5D8ADD8A7D8A8DB8C223B7D693A323B613A323A7B693A303B733A31343A22D8A7D8B3D8AAD8B1D8A7D8ADD8AA223B693A313B733A31383A22D8B9D984DB8C2020D8B2D8A7D8B1D8B9DB8C223B7D693A333B613A323A7B693A303B733A31323A22D8A8D987D8A7D8B120474846223B693A313B733A31343A22D981D8B1D8B4D8A7D8AF20474846223B7D693A343B613A323A7B693A303B733A31343A22D8A7D8B3DAAFD8B1DB8C20474846223B693A313B733A31303A22D8A2D8B1D8B4204B4846223B7D693A353B613A323A7B693A303B733A31303A22D8B1D8B6D8A720474846223B693A313B733A31323A22D8B4D987D8A7D8A820474846223B7D693A363B613A323A7B693A303B733A31323A22D8ADD8A7D985D8AF20474846223B693A313B733A31343A22D8A7D8B3D8AAD8B1D8A7D8ADD8AA223B7D693A373B613A323A7B693A303B733A31343A22D8B1D8A7D985DB8CD98620474846223B693A313B733A31343A22D8A7D8B3D8AAD8B1D8A7D8ADD8AA223B7D7D7D, '2015-08-28 15:05:42'), ('67', '76', '3', '152', 0x4F3A383A22737464436C617373223A323A7B733A373A22726573756C7473223B613A313A7B693A303B613A343A7B693A303B613A383A7B693A303B613A323A7B693A303B693A303B693A313B693A313B7D693A313B613A323A7B693A303B693A303B693A313B693A313B7D693A323B613A323A7B693A303B693A303B693A313B693A313B7D693A333B613A323A7B693A303B693A353B693A313B693A363B7D693A343B613A323A7B693A303B693A343B693A313B693A353B7D693A353B613A323A7B693A303B693A343B693A313B693A333B7D693A363B613A323A7B693A303B693A313B693A313B693A303B7D693A373B613A323A7B693A303B693A313B693A313B693A303B7D7D693A313B613A343A7B693A303B613A323A7B693A303B693A343B693A313B693A333B7D693A313B613A323A7B693A303B693A353B693A313B693A313B7D693A323B613A323A7B693A303B693A313B693A313B693A333B7D693A333B613A323A7B693A303B693A353B693A313B693A363B7D7D693A323B613A323A7B693A303B613A323A7B693A303B693A343B693A313B693A333B7D693A313B613A323A7B693A303B693A313B693A313B693A323B7D7D693A333B613A323A7B693A303B613A323A7B693A303B693A313B693A313B693A323B7D693A313B613A323A7B693A303B693A343B693A313B693A333B7D7D7D7D733A353A227465616D73223B613A383A7B693A303B613A323A7B693A303B733A31343A22D8A7D8B3D8AAD8B1D8A7D8ADD8AA223B693A313B733A33313A22D8B1D988D8AD20D8A7D984D984D98720D8B5D8A7D8AFD98220D986D8B3D8A8223B7D693A313B613A323A7B693A303B733A31343A22D8A7D8B3D8AAD8B1D8A7D8ADD8AA223B693A313B733A31393A22D8B9D984DB8C20D8A7D8B5D8ADD8A7D8A8DB8C223B7D693A323B613A323A7B693A303B733A31343A22D8A7D8B3D8AAD8B1D8A7D8ADD8AA223B693A313B733A31383A22D8B9D984DB8C2020D8B2D8A7D8B1D8B9DB8C223B7D693A333B613A323A7B693A303B733A31323A22D8A8D987D8A7D8B120474846223B693A313B733A31343A22D981D8B1D8B4D8A7D8AF20474846223B7D693A343B613A323A7B693A303B733A31343A22D8A7D8B3DAAFD8B1DB8C20474846223B693A313B733A31303A22D8A2D8B1D8B4204B4846223B7D693A353B613A323A7B693A303B733A31303A22D8B1D8B6D8A720474846223B693A313B733A31323A22D8B4D987D8A7D8A820474846223B7D693A363B613A323A7B693A303B733A31323A22D8ADD8A7D985D8AF20474846223B693A313B733A31343A22D8A7D8B3D8AAD8B1D8A7D8ADD8AA223B7D693A373B613A323A7B693A303B733A31343A22D8B1D8A7D985DB8CD98620474846223B693A313B733A31343A22D8A7D8B3D8AAD8B1D8A7D8ADD8AA223B7D7D7D, '2015-08-28 15:05:43'), ('68', '76', '3', '152', 0x4F3A383A22737464436C617373223A323A7B733A373A22726573756C7473223B613A313A7B693A303B613A343A7B693A303B613A383A7B693A303B613A323A7B693A303B693A303B693A313B693A313B7D693A313B613A323A7B693A303B693A303B693A313B693A313B7D693A323B613A323A7B693A303B693A303B693A313B693A313B7D693A333B613A323A7B693A303B693A353B693A313B693A363B7D693A343B613A323A7B693A303B693A343B693A313B693A353B7D693A353B613A323A7B693A303B693A343B693A313B693A333B7D693A363B613A323A7B693A303B693A313B693A313B693A303B7D693A373B613A323A7B693A303B693A313B693A313B693A303B7D7D693A313B613A343A7B693A303B613A323A7B693A303B693A343B693A313B693A333B7D693A313B613A323A7B693A303B693A353B693A313B693A313B7D693A323B613A323A7B693A303B693A313B693A313B693A333B7D693A333B613A323A7B693A303B693A353B693A313B693A363B7D7D693A323B613A323A7B693A303B613A323A7B693A303B693A323B693A313B693A333B7D693A313B613A323A7B693A303B693A313B693A313B693A323B7D7D693A333B613A323A7B693A303B613A323A7B693A303B693A313B693A313B693A323B7D693A313B613A323A7B693A303B693A343B693A313B693A333B7D7D7D7D733A353A227465616D73223B613A383A7B693A303B613A323A7B693A303B733A31343A22D8A7D8B3D8AAD8B1D8A7D8ADD8AA223B693A313B733A33313A22D8B1D988D8AD20D8A7D984D984D98720D8B5D8A7D8AFD98220D986D8B3D8A8223B7D693A313B613A323A7B693A303B733A31343A22D8A7D8B3D8AAD8B1D8A7D8ADD8AA223B693A313B733A31393A22D8B9D984DB8C20D8A7D8B5D8ADD8A7D8A8DB8C223B7D693A323B613A323A7B693A303B733A31343A22D8A7D8B3D8AAD8B1D8A7D8ADD8AA223B693A313B733A31383A22D8B9D984DB8C2020D8B2D8A7D8B1D8B9DB8C223B7D693A333B613A323A7B693A303B733A31323A22D8A8D987D8A7D8B120474846223B693A313B733A31343A22D981D8B1D8B4D8A7D8AF20474846223B7D693A343B613A323A7B693A303B733A31343A22D8A7D8B3DAAFD8B1DB8C20474846223B693A313B733A31303A22D8A2D8B1D8B4204B4846223B7D693A353B613A323A7B693A303B733A31303A22D8B1D8B6D8A720474846223B693A313B733A31323A22D8B4D987D8A7D8A820474846223B7D693A363B613A323A7B693A303B733A31323A22D8ADD8A7D985D8AF20474846223B693A313B733A31343A22D8A7D8B3D8AAD8B1D8A7D8ADD8AA223B7D693A373B613A323A7B693A303B733A31343A22D8B1D8A7D985DB8CD98620474846223B693A313B733A31343A22D8A7D8B3D8AAD8B1D8A7D8ADD8AA223B7D7D7D, '2015-08-28 15:05:49'), ('69', '76', '3', '152', 0x4F3A383A22737464436C617373223A323A7B733A373A22726573756C7473223B613A313A7B693A303B613A343A7B693A303B613A383A7B693A303B613A323A7B693A303B693A303B693A313B693A313B7D693A313B613A323A7B693A303B693A303B693A313B693A313B7D693A323B613A323A7B693A303B693A303B693A313B693A313B7D693A333B613A323A7B693A303B693A353B693A313B693A363B7D693A343B613A323A7B693A303B693A343B693A313B693A353B7D693A353B613A323A7B693A303B693A343B693A313B693A333B7D693A363B613A323A7B693A303B693A313B693A313B693A303B7D693A373B613A323A7B693A303B693A313B693A313B693A303B7D7D693A313B613A343A7B693A303B613A323A7B693A303B693A343B693A313B693A333B7D693A313B613A323A7B693A303B693A353B693A313B693A313B7D693A323B613A323A7B693A303B693A313B693A313B693A333B7D693A333B613A323A7B693A303B693A353B693A313B693A363B7D7D693A323B613A323A7B693A303B613A323A7B693A303B693A31323B693A313B693A333B7D693A313B613A323A7B693A303B693A313B693A313B693A323B7D7D693A333B613A323A7B693A303B613A323A7B693A303B693A313B693A313B693A323B7D693A313B613A323A7B693A303B693A343B693A313B693A333B7D7D7D7D733A353A227465616D73223B613A383A7B693A303B613A323A7B693A303B733A31343A22D8A7D8B3D8AAD8B1D8A7D8ADD8AA223B693A313B733A33313A22D8B1D988D8AD20D8A7D984D984D98720D8B5D8A7D8AFD98220D986D8B3D8A8223B7D693A313B613A323A7B693A303B733A31343A22D8A7D8B3D8AAD8B1D8A7D8ADD8AA223B693A313B733A31393A22D8B9D984DB8C20D8A7D8B5D8ADD8A7D8A8DB8C223B7D693A323B613A323A7B693A303B733A31343A22D8A7D8B3D8AAD8B1D8A7D8ADD8AA223B693A313B733A31383A22D8B9D984DB8C2020D8B2D8A7D8B1D8B9DB8C223B7D693A333B613A323A7B693A303B733A31323A22D8A8D987D8A7D8B120474846223B693A313B733A31343A22D981D8B1D8B4D8A7D8AF20474846223B7D693A343B613A323A7B693A303B733A31343A22D8A7D8B3DAAFD8B1DB8C20474846223B693A313B733A31303A22D8A2D8B1D8B4204B4846223B7D693A353B613A323A7B693A303B733A31303A22D8B1D8B6D8A720474846223B693A313B733A31323A22D8B4D987D8A7D8A820474846223B7D693A363B613A323A7B693A303B733A31323A22D8ADD8A7D985D8AF20474846223B693A313B733A31343A22D8A7D8B3D8AAD8B1D8A7D8ADD8AA223B7D693A373B613A323A7B693A303B733A31343A22D8B1D8A7D985DB8CD98620474846223B693A313B733A31343A22D8A7D8B3D8AAD8B1D8A7D8ADD8AA223B7D7D7D, '2015-08-28 15:05:57'), ('70', '76', '3', '152', 0x4F3A383A22737464436C617373223A323A7B733A373A22726573756C7473223B613A313A7B693A303B613A343A7B693A303B613A383A7B693A303B613A323A7B693A303B693A303B693A313B693A313B7D693A313B613A323A7B693A303B693A303B693A313B693A313B7D693A323B613A323A7B693A303B693A303B693A313B693A313B7D693A333B613A323A7B693A303B693A353B693A313B693A363B7D693A343B613A323A7B693A303B693A343B693A313B693A353B7D693A353B613A323A7B693A303B693A343B693A313B693A333B7D693A363B613A323A7B693A303B693A313B693A313B693A303B7D693A373B613A323A7B693A303B693A313B693A313B693A303B7D7D693A313B613A343A7B693A303B613A323A7B693A303B693A343B693A313B693A333B7D693A313B613A323A7B693A303B693A353B693A313B693A313B7D693A323B613A323A7B693A303B693A313B693A313B693A333B7D693A333B613A323A7B693A303B693A353B693A313B693A363B7D7D693A323B613A323A7B693A303B613A323A7B693A303B693A3335363B693A313B693A333B7D693A313B613A323A7B693A303B693A313B693A313B693A323B7D7D693A333B613A323A7B693A303B613A323A7B693A303B693A313B693A313B693A323B7D693A313B613A323A7B693A303B693A343B693A313B693A333B7D7D7D7D733A353A227465616D73223B613A383A7B693A303B613A323A7B693A303B733A31343A22D8A7D8B3D8AAD8B1D8A7D8ADD8AA223B693A313B733A33313A22D8B1D988D8AD20D8A7D984D984D98720D8B5D8A7D8AFD98220D986D8B3D8A8223B7D693A313B613A323A7B693A303B733A31343A22D8A7D8B3D8AAD8B1D8A7D8ADD8AA223B693A313B733A31393A22D8B9D984DB8C20D8A7D8B5D8ADD8A7D8A8DB8C223B7D693A323B613A323A7B693A303B733A31343A22D8A7D8B3D8AAD8B1D8A7D8ADD8AA223B693A313B733A31383A22D8B9D984DB8C2020D8B2D8A7D8B1D8B9DB8C223B7D693A333B613A323A7B693A303B733A31323A22D8A8D987D8A7D8B120474846223B693A313B733A31343A22D981D8B1D8B4D8A7D8AF20474846223B7D693A343B613A323A7B693A303B733A31343A22D8A7D8B3DAAFD8B1DB8C20474846223B693A313B733A31303A22D8A2D8B1D8B4204B4846223B7D693A353B613A323A7B693A303B733A31303A22D8B1D8B6D8A720474846223B693A313B733A31323A22D8B4D987D8A7D8A820474846223B7D693A363B613A323A7B693A303B733A31323A22D8ADD8A7D985D8AF20474846223B693A313B733A31343A22D8A7D8B3D8AAD8B1D8A7D8ADD8AA223B7D693A373B613A323A7B693A303B733A31343A22D8B1D8A7D985DB8CD98620474846223B693A313B733A31343A22D8A7D8B3D8AAD8B1D8A7D8ADD8AA223B7D7D7D, '2015-08-28 15:06:01'), ('71', '76', '3', '152', 0x4F3A383A22737464436C617373223A323A7B733A373A22726573756C7473223B613A313A7B693A303B613A343A7B693A303B613A383A7B693A303B613A323A7B693A303B693A303B693A313B693A313B7D693A313B613A323A7B693A303B693A303B693A313B693A313B7D693A323B613A323A7B693A303B693A303B693A313B693A313B7D693A333B613A323A7B693A303B693A353B693A313B693A363B7D693A343B613A323A7B693A303B693A343B693A313B693A353B7D693A353B613A323A7B693A303B693A343B693A313B693A333B7D693A363B613A323A7B693A303B693A313B693A313B693A303B7D693A373B613A323A7B693A303B693A313B693A313B693A303B7D7D693A313B613A343A7B693A303B613A323A7B693A303B693A343B693A313B693A333B7D693A313B613A323A7B693A303B693A353B693A313B693A313B7D693A323B613A323A7B693A303B693A313B693A313B693A333B7D693A333B613A323A7B693A303B693A353B693A313B693A363B7D7D693A323B613A323A7B693A303B613A323A7B693A303B693A313B693A313B693A333B7D693A313B613A323A7B693A303B693A313B693A313B693A323B7D7D693A333B613A323A7B693A303B613A323A7B693A303B693A313B693A313B693A323B7D693A313B613A323A7B693A303B693A343B693A313B693A333B7D7D7D7D733A353A227465616D73223B613A383A7B693A303B613A323A7B693A303B733A31343A22D8A7D8B3D8AAD8B1D8A7D8ADD8AA223B693A313B733A33313A22D8B1D988D8AD20D8A7D984D984D98720D8B5D8A7D8AFD98220D986D8B3D8A8223B7D693A313B613A323A7B693A303B733A31343A22D8A7D8B3D8AAD8B1D8A7D8ADD8AA223B693A313B733A31393A22D8B9D984DB8C20D8A7D8B5D8ADD8A7D8A8DB8C223B7D693A323B613A323A7B693A303B733A31343A22D8A7D8B3D8AAD8B1D8A7D8ADD8AA223B693A313B733A31383A22D8B9D984DB8C2020D8B2D8A7D8B1D8B9DB8C223B7D693A333B613A323A7B693A303B733A31323A22D8A8D987D8A7D8B120474846223B693A313B733A31343A22D981D8B1D8B4D8A7D8AF20474846223B7D693A343B613A323A7B693A303B733A31343A22D8A7D8B3DAAFD8B1DB8C20474846223B693A313B733A31303A22D8A2D8B1D8B4204B4846223B7D693A353B613A323A7B693A303B733A31303A22D8B1D8B6D8A720474846223B693A313B733A31323A22D8B4D987D8A7D8A820474846223B7D693A363B613A323A7B693A303B733A31323A22D8ADD8A7D985D8AF20474846223B693A313B733A31343A22D8A7D8B3D8AAD8B1D8A7D8ADD8AA223B7D693A373B613A323A7B693A303B733A31343A22D8B1D8A7D985DB8CD98620474846223B693A313B733A31343A22D8A7D8B3D8AAD8B1D8A7D8ADD8AA223B7D7D7D, '2015-08-28 15:06:04'), ('72', '76', '3', '152', 0x4F3A383A22737464436C617373223A323A7B733A373A22726573756C7473223B613A313A7B693A303B613A343A7B693A303B613A383A7B693A303B613A323A7B693A303B693A303B693A313B693A313B7D693A313B613A323A7B693A303B693A303B693A313B693A313B7D693A323B613A323A7B693A303B693A303B693A313B693A313B7D693A333B613A323A7B693A303B693A353B693A313B693A363B7D693A343B613A323A7B693A303B693A343B693A313B693A353B7D693A353B613A323A7B693A303B693A343B693A313B693A333B7D693A363B613A323A7B693A303B693A313B693A313B693A303B7D693A373B613A323A7B693A303B693A313B693A313B693A303B7D7D693A313B613A343A7B693A303B613A323A7B693A303B693A343B693A313B693A333B7D693A313B613A323A7B693A303B693A353B693A313B693A313B7D693A323B613A323A7B693A303B693A313B693A313B693A333B7D693A333B613A323A7B693A303B693A353B693A313B693A363B7D7D693A323B613A323A7B693A303B613A323A7B693A303B693A313B693A313B693A333B7D693A313B613A323A7B693A303B693A313B693A313B693A323B7D7D693A333B613A323A7B693A303B613A323A7B693A303B693A313B693A313B693A323B7D693A313B613A323A7B693A303B693A343B693A313B693A333B7D7D7D7D733A353A227465616D73223B613A383A7B693A303B613A323A7B693A303B733A31343A22D8A7D8B3D8AAD8B1D8A7D8ADD8AA223B693A313B733A33313A22D8B1D988D8AD20D8A7D984D984D98720D8B5D8A7D8AFD98220D986D8B3D8A8223B7D693A313B613A323A7B693A303B733A31343A22D8A7D8B3D8AAD8B1D8A7D8ADD8AA223B693A313B733A31393A22D8B9D984DB8C20D8A7D8B5D8ADD8A7D8A8DB8C223B7D693A323B613A323A7B693A303B733A31343A22D8A7D8B3D8AAD8B1D8A7D8ADD8AA223B693A313B733A31383A22D8B9D984DB8C2020D8B2D8A7D8B1D8B9DB8C223B7D693A333B613A323A7B693A303B733A31323A22D8A8D987D8A7D8B120474846223B693A313B733A31343A22D981D8B1D8B4D8A7D8AF20474846223B7D693A343B613A323A7B693A303B733A31343A22D8A7D8B3DAAFD8B1DB8C20474846223B693A313B733A31303A22D8A2D8B1D8B4204B4846223B7D693A353B613A323A7B693A303B733A31303A22D8B1D8B6D8A720474846223B693A313B733A31323A22D8B4D987D8A7D8A820474846223B7D693A363B613A323A7B693A303B733A31323A22D8ADD8A7D985D8AF20474846223B693A313B733A31343A22D8A7D8B3D8AAD8B1D8A7D8ADD8AA223B7D693A373B613A323A7B693A303B733A31343A22D8B1D8A7D985DB8CD98620474846223B693A313B733A31343A22D8A7D8B3D8AAD8B1D8A7D8ADD8AA223B7D7D7D, '2015-08-28 15:06:43'), ('73', '87', '62', '152', 0x4F3A383A22737464436C617373223A323A7B733A373A22726573756C7473223B613A313A7B693A303B613A333A7B693A303B613A343A7B693A303B613A323A7B693A303B693A303B693A313B693A313B7D693A313B613A323A7B693A303B693A323B693A313B693A31353B7D693A323B613A323A7B693A303B4E3B693A313B4E3B7D693A333B613A323A7B693A303B4E3B693A313B4E3B7D7D693A313B613A323A7B693A303B613A323A7B693A303B4E3B693A313B4E3B7D693A313B613A323A7B693A303B4E3B693A313B4E3B7D7D693A323B613A323A7B693A303B613A323A7B693A303B4E3B693A313B4E3B7D693A313B613A323A7B693A303B4E3B693A313B4E3B7D7D7D7D733A353A227465616D73223B613A343A7B693A303B613A323A7B693A303B733A31343A22D8A7D8B3D8AAD8B1D8A7D8ADD8AA223B693A313B733A32383A22D9BEDA98D985D8A7D98620D987D8A7D8AFDB8C20D8B2D8A7D8AFD987223B7D693A313B613A323A7B693A303B733A32363A22DB8CD8ADDB8CDB8C20D8B5D8A7D984D8AD20D8B2D8A7D8AFD987223B693A313B733A32363A22D985D987D8B1D8A7D8A820D8ADD8A7D8ACD8AA20D9BED988D8B1223B7D693A323B613A323A7B693A303B733A32313A22D985D8B5D8B7D981DB8C20DAA9D8A7D8B1DAAFD8B1223B693A313B733A33333A22D985D8ADD985D8AF20D8B9D984DB8C20D8A2D8B2D8A7D8AFDB8C20D8B7D984D8A8223B7D693A333B613A323A7B693A303B733A32313A22D985D8B5D8B7D981DB8C20DAA9D8A7D8B1DAAFD8B1223B693A313B733A32333A22D981D8B1D8B4D8A7D8AF20DAA9DB8CD987D8A7D986DB8C223B7D7D7D, '2015-08-28 16:38:54'), ('74', '87', '62', '152', 0x4F3A383A22737464436C617373223A323A7B733A373A22726573756C7473223B613A313A7B693A303B613A333A7B693A303B613A343A7B693A303B613A323A7B693A303B693A303B693A313B693A313B7D693A313B613A323A7B693A303B693A323B693A313B693A333B7D693A323B613A323A7B693A303B4E3B693A313B4E3B7D693A333B613A323A7B693A303B4E3B693A313B4E3B7D7D693A313B613A323A7B693A303B613A323A7B693A303B4E3B693A313B4E3B7D693A313B613A323A7B693A303B4E3B693A313B4E3B7D7D693A323B613A323A7B693A303B613A323A7B693A303B4E3B693A313B4E3B7D693A313B613A323A7B693A303B4E3B693A313B4E3B7D7D7D7D733A353A227465616D73223B613A343A7B693A303B613A323A7B693A303B733A31343A22D8A7D8B3D8AAD8B1D8A7D8ADD8AA223B693A313B733A32383A22D9BEDA98D985D8A7D98620D987D8A7D8AFDB8C20D8B2D8A7D8AFD987223B7D693A313B613A323A7B693A303B733A32363A22DB8CD8ADDB8CDB8C20D8B5D8A7D984D8AD20D8B2D8A7D8AFD987223B693A313B733A32363A22D985D987D8B1D8A7D8A820D8ADD8A7D8ACD8AA20D9BED988D8B1223B7D693A323B613A323A7B693A303B733A32313A22D985D8B5D8B7D981DB8C20DAA9D8A7D8B1DAAFD8B1223B693A313B733A33333A22D985D8ADD985D8AF20D8B9D984DB8C20D8A2D8B2D8A7D8AFDB8C20D8B7D984D8A8223B7D693A333B613A323A7B693A303B733A32313A22D985D8B5D8B7D981DB8C20DAA9D8A7D8B1DAAFD8B1223B693A313B733A32333A22D981D8B1D8B4D8A7D8AF20DAA9DB8CD987D8A7D986DB8C223B7D7D7D, '2015-08-28 16:38:56');
COMMIT;

-- ----------------------------
-- Table structure for matches_group
-- ----------------------------
DROP TABLE IF EXISTS `matches_group`;
CREATE TABLE `matches_group` (
`match_gpID`  int(11) NOT NULL AUTO_INCREMENT ,
`evtID`  int(11) NOT NULL ,
`matchWID`  int(11) NOT NULL ,
`user_id`  int(11) NOT NULL ,
PRIMARY KEY (`match_gpID`)
)
ENGINE=InnoDB
DEFAULT CHARACTER SET=utf8 COLLATE=utf8_persian_ci
AUTO_INCREMENT=29

;

-- ----------------------------
-- Records of matches_group
-- ----------------------------
BEGIN;
INSERT INTO `matches_group` VALUES ('3', '79', '4', '86'), ('4', '79', '4', '85'), ('5', '79', '4', '70'), ('6', '79', '4', '71'), ('7', '79', '4', '82'), ('8', '79', '3', '83'), ('9', '79', '3', '88'), ('10', '79', '3', '72'), ('11', '79', '3', '76'), ('12', '79', '3', '3'), ('13', '79', '3', '4'), ('14', '79', '3', '5'), ('15', '79', '4', '7'), ('17', '79', '3', '77'), ('18', '79', '3', '78'), ('19', '79', '3', '79'), ('20', '79', '3', '80'), ('21', '84', '54', '86'), ('22', '87', '62', '193'), ('23', '87', '62', '160'), ('24', '87', '62', '159'), ('25', '87', '62', '156'), ('26', '87', '62', '155'), ('27', '87', '62', '154'), ('28', '87', '62', '153');
COMMIT;

-- ----------------------------
-- Table structure for news
-- ----------------------------
DROP TABLE IF EXISTS `news`;
CREATE TABLE `news` (
`id`  int(11) NOT NULL AUTO_INCREMENT ,
`uid`  int(11) NOT NULL ,
`body`  text CHARACTER SET utf8 COLLATE utf8_persian_ci NOT NULL ,
`created`  datetime NOT NULL ,
`updated`  timestamp NULL DEFAULT NULL ON UPDATE CURRENT_TIMESTAMP ,
PRIMARY KEY (`id`),
FOREIGN KEY (`uid`) REFERENCES `user` (`userID`) ON DELETE RESTRICT ON UPDATE NO ACTION,
INDEX `news_user` (`uid`) USING BTREE 
)
ENGINE=InnoDB
DEFAULT CHARACTER SET=utf8 COLLATE=utf8_persian_ci
AUTO_INCREMENT=11

;

-- ----------------------------
-- Records of news
-- ----------------------------
BEGIN;
INSERT INTO `news` VALUES ('1', '86', 'اولین خبر', '2015-05-22 22:08:49', null), ('2', '86', 'خبری که با استفاده از فرم ثبت خبر ثبت شده است.', '2015-05-23 01:16:34', null), ('3', '86', 'خبر دومی که با استفاده از فرم ثبت خبر ثبت میشود\r\n', '2015-05-23 01:20:18', null), ('4', '86', 'خبر سومی که با استفاده از فرم ثبت خبر ثبت میشود.', '2015-05-23 01:22:29', null), ('5', '88', 'خبر سومی که با استفاده از فرم ثبت خبر ثبت میشود. آرش ', '2015-05-23 01:22:47', '2015-05-24 01:06:38'), ('6', '86', 'خبر سومی که با استفاده از فرم ثبت خبر ثبت میشود.', '2015-05-23 01:22:53', null), ('7', '86', 'خبر سومی که با استفاده از فرم ثبت خبر ثبت میشود.', '2015-05-23 01:22:59', null), ('8', '86', 'ورود استاد چانگ ب ایران', '2015-05-23 02:59:31', null), ('9', '86', 'خبر برای تست pagination\r\n', '2015-05-23 23:32:45', null), ('10', '152', 'متن خبر وارد شده در مرداد ماه 1394', '2015-08-06 23:51:04', null);
COMMIT;

-- ----------------------------
-- Table structure for notification
-- ----------------------------
DROP TABLE IF EXISTS `notification`;
CREATE TABLE `notification` (
`id`  int(11) NOT NULL AUTO_INCREMENT ,
`uid`  int(11) NOT NULL COMMENT 'id of user or sport who cause this notification' ,
`subject_id`  int(11) NULL DEFAULT NULL COMMENT 'who this notification goes for' ,
`object_id`  int(11) NULL DEFAULT NULL COMMENT 'the event or object that cause this notification' ,
`type_id`  int(11) NOT NULL COMMENT 'type of notification' ,
`seen`  tinyint(1) NOT NULL DEFAULT 0 COMMENT 'seen = 1 or unseen = 0' ,
`created`  timestamp NULL DEFAULT NULL ,
`updated`  timestamp NOT NULL DEFAULT '0000-00-00 00:00:00' ON UPDATE CURRENT_TIMESTAMP ,
PRIMARY KEY (`id`)
)
ENGINE=InnoDB
DEFAULT CHARACTER SET=utf8 COLLATE=utf8_persian_ci
COMMENT='hold notifications for users'
AUTO_INCREMENT=6

;

-- ----------------------------
-- Records of notification
-- ----------------------------
BEGIN;
INSERT INTO `notification` VALUES ('5', '1', '5555', '3', '1', '0', '2015-04-24 18:45:15', '0000-00-00 00:00:00');
COMMIT;

-- ----------------------------
-- Table structure for notification_type
-- ----------------------------
DROP TABLE IF EXISTS `notification_type`;
CREATE TABLE `notification_type` (
`id`  int(11) NOT NULL AUTO_INCREMENT ,
`type_name`  varchar(255) CHARACTER SET utf8 COLLATE utf8_persian_ci NOT NULL ,
`description`  varchar(500) CHARACTER SET utf8 COLLATE utf8_persian_ci NOT NULL ,
PRIMARY KEY (`id`)
)
ENGINE=InnoDB
DEFAULT CHARACTER SET=utf8 COLLATE=utf8_persian_ci
AUTO_INCREMENT=2

;

-- ----------------------------
-- Records of notification_type
-- ----------------------------
BEGIN;
INSERT INTO `notification_type` VALUES ('1', 'comment on post', 'this is a description for comment on post');
COMMIT;

-- ----------------------------
-- Table structure for notifications
-- ----------------------------
DROP TABLE IF EXISTS `notifications`;
CREATE TABLE `notifications` (
`userID`  int(11) NOT NULL ,
`student_register`  int(11) NOT NULL DEFAULT 0 ,
`event_register`  int(11) NOT NULL DEFAULT 0 ,
`new_event`  int(11) NOT NULL DEFAULT 0 ,
PRIMARY KEY (`userID`)
)
ENGINE=InnoDB
DEFAULT CHARACTER SET=utf8 COLLATE=utf8_persian_ci

;

-- ----------------------------
-- Records of notifications
-- ----------------------------
BEGIN;
INSERT INTO `notifications` VALUES ('0', '0', '0', '0'), ('2', '0', '0', '13'), ('70', '0', '0', '1'), ('71', '0', '0', '2'), ('72', '5', '0', '13'), ('73', '1', '0', '13'), ('74', '0', '0', '13'), ('75', '0', '0', '13'), ('76', '0', '0', '8'), ('77', '0', '0', '13'), ('78', '0', '0', '12'), ('80', '0', '0', '12'), ('81', '0', '0', '12'), ('82', '0', '0', '12'), ('83', '0', '0', '12'), ('84', '0', '0', '12'), ('85', '0', '0', '9'), ('86', '0', '0', '1'), ('87', '0', '0', '21'), ('88', '0', '0', '9'), ('89', '0', '0', '21'), ('90', '0', '0', '22'), ('91', '0', '0', '22'), ('92', '0', '0', '22'), ('93', '0', '0', '21'), ('94', '0', '0', '21'), ('95', '0', '0', '21'), ('96', '0', '0', '21'), ('97', '0', '0', '21'), ('98', '0', '0', '21'), ('99', '0', '0', '21'), ('100', '0', '0', '21'), ('101', '0', '0', '3'), ('102', '0', '0', '3'), ('103', '0', '0', '3'), ('104', '0', '0', '15'), ('105', '0', '0', '3'), ('106', '0', '0', '3'), ('107', '0', '0', '3'), ('108', '0', '0', '3'), ('109', '0', '0', '3'), ('110', '0', '0', '3'), ('111', '0', '0', '3'), ('112', '0', '0', '3'), ('113', '0', '0', '3'), ('114', '0', '0', '3'), ('115', '0', '0', '3'), ('118', '0', '0', '12'), ('122', '0', '0', '8'), ('123', '0', '0', '12'), ('124', '0', '0', '12'), ('125', '0', '0', '9'), ('126', '0', '0', '11'), ('132', '0', '0', '11'), ('133', '0', '0', '11'), ('135', '0', '0', '11'), ('136', '0', '0', '11'), ('137', '0', '0', '11'), ('151', '0', '0', '4'), ('152', '0', '0', '0'), ('153', '0', '0', '9'), ('154', '0', '0', '9'), ('155', '0', '0', '9'), ('156', '0', '0', '9'), ('157', '0', '0', '9'), ('159', '0', '0', '0'), ('160', '0', '0', '9'), ('191', '0', '0', '3'), ('192', '0', '0', '0'), ('193', '0', '0', '0');
COMMIT;

-- ----------------------------
-- Table structure for place
-- ----------------------------
DROP TABLE IF EXISTS `place`;
CREATE TABLE `place` (
`placeID`  int(11) NOT NULL AUTO_INCREMENT ,
`stateID`  int(11) NOT NULL ,
`sportID`  int(11) NOT NULL ,
`created`  datetime NOT NULL ,
`updated`  timestamp NULL DEFAULT NULL ON UPDATE CURRENT_TIMESTAMP ,
PRIMARY KEY (`placeID`)
)
ENGINE=InnoDB
DEFAULT CHARACTER SET=utf8 COLLATE=utf8_persian_ci
AUTO_INCREMENT=63

;

-- ----------------------------
-- Records of place
-- ----------------------------
BEGIN;
INSERT INTO `place` VALUES ('1', '1', '1', '0000-00-00 00:00:00', null), ('2', '1', '4', '0000-00-00 00:00:00', null), ('5', '4', '2', '0000-00-00 00:00:00', null), ('6', '3', '4', '0000-00-00 00:00:00', null), ('9', '5', '1', '0000-00-00 00:00:00', null), ('10', '1', '2', '0000-00-00 00:00:00', null), ('14', '7', '4', '0000-00-00 00:00:00', null), ('15', '6', '1', '0000-00-00 00:00:00', null), ('16', '2', '1', '0000-00-00 00:00:00', null), ('17', '5', '2', '0000-00-00 00:00:00', null), ('18', '6', '2', '0000-00-00 00:00:00', null), ('19', '5', '4', '0000-00-00 00:00:00', null), ('20', '9', '1', '0000-00-00 00:00:00', null), ('30', '5', '2', '0000-00-00 00:00:00', null), ('38', '1', '2', '0000-00-00 00:00:00', null), ('40', '7', '2', '0000-00-00 00:00:00', null), ('41', '5', '1', '0000-00-00 00:00:00', null), ('43', '8', '1', '0000-00-00 00:00:00', null), ('47', '10', '1', '0000-00-00 00:00:00', null), ('48', '10', '1', '0000-00-00 00:00:00', null), ('49', '13', '1', '0000-00-00 00:00:00', null), ('50', '13', '1', '0000-00-00 00:00:00', null), ('51', '14', '1', '0000-00-00 00:00:00', null), ('52', '14', '1', '0000-00-00 00:00:00', null), ('53', '7', '1', '0000-00-00 00:00:00', null), ('54', '7', '1', '0000-00-00 00:00:00', null), ('55', '15', '1', '0000-00-00 00:00:00', null), ('56', '15', '1', '0000-00-00 00:00:00', null), ('57', '16', '1', '0000-00-00 00:00:00', null), ('58', '16', '1', '0000-00-00 00:00:00', null), ('59', '13', '1', '0000-00-00 00:00:00', null), ('60', '13', '1', '0000-00-00 00:00:00', null), ('61', '16', '1', '0000-00-00 00:00:00', null), ('62', '16', '1', '0000-00-00 00:00:00', null);
COMMIT;

-- ----------------------------
-- Table structure for post
-- ----------------------------
DROP TABLE IF EXISTS `post`;
CREATE TABLE `post` (
`id`  int(11) NOT NULL AUTO_INCREMENT ,
`uid`  int(11) NOT NULL ,
`sid`  int(11) NOT NULL ,
`catID`  int(11) NULL DEFAULT NULL ,
`title`  varchar(50) CHARACTER SET utf8 COLLATE utf8_persian_ci NULL DEFAULT NULL ,
`context`  text CHARACTER SET utf8 COLLATE utf8_persian_ci NOT NULL ,
`abstraction`  varchar(160) CHARACTER SET utf8 COLLATE utf8_persian_ci NULL DEFAULT NULL ,
`created`  datetime NOT NULL ,
`updated`  timestamp NULL DEFAULT NULL ON UPDATE CURRENT_TIMESTAMP ,
PRIMARY KEY (`id`),
FOREIGN KEY (`uid`) REFERENCES `user` (`userID`) ON DELETE RESTRICT ON UPDATE RESTRICT,
FOREIGN KEY (`sid`) REFERENCES `sport` (`sportID`) ON DELETE RESTRICT ON UPDATE RESTRICT,
INDEX `inserterID` (`uid`) USING BTREE ,
INDEX `sportID` (`sid`) USING BTREE ,
INDEX `catID` (`catID`) USING BTREE 
)
ENGINE=InnoDB
DEFAULT CHARACTER SET=utf8 COLLATE=utf8_persian_ci
AUTO_INCREMENT=263

;

-- ----------------------------
-- Records of post
-- ----------------------------
BEGIN;
COMMIT;

-- ----------------------------
-- Table structure for revival
-- ----------------------------
DROP TABLE IF EXISTS `revival`;
CREATE TABLE `revival` (
`id`  int(11) NOT NULL ,
`created`  timestamp NOT NULL DEFAULT '0000-00-00 00:00:00' ON UPDATE CURRENT_TIMESTAMP ,
PRIMARY KEY (`id`)
)
ENGINE=InnoDB
DEFAULT CHARACTER SET=utf8 COLLATE=utf8_persian_ci

;

-- ----------------------------
-- Records of revival
-- ----------------------------
BEGIN;
COMMIT;

-- ----------------------------
-- Table structure for role
-- ----------------------------
DROP TABLE IF EXISTS `role`;
CREATE TABLE `role` (
`role_id`  int(11) NOT NULL AUTO_INCREMENT ,
`role_name`  varchar(100) CHARACTER SET utf8 COLLATE utf8_persian_ci NOT NULL ,
`role_message`  varchar(300) CHARACTER SET utf8 COLLATE utf8_persian_ci NOT NULL ,
`role_desc`  varchar(300) CHARACTER SET utf8 COLLATE utf8_persian_ci NOT NULL ,
`role_active`  tinyint(1) NOT NULL DEFAULT 1 ,
`role_default_allow`  tinyint(1) NOT NULL DEFAULT 0 ,
PRIMARY KEY (`role_id`)
)
ENGINE=InnoDB
DEFAULT CHARACTER SET=utf8 COLLATE=utf8_persian_ci
AUTO_INCREMENT=25

;

-- ----------------------------
-- Records of role
-- ----------------------------
BEGIN;
INSERT INTO `role` VALUES ('1', 'post_add', '', 'افزودن پست های آموزشی', '1', '1'), ('2', 'management', '', 'ورود به بخش مدیریت', '1', '0'), ('3', 'post_delete', '', 'حذف پست های آموزشی', '1', '1'), ('4', 'page_view', '<div class=\"img_middle\"><p>به منظور مشاهده این صفحه باید در سایت ثبت نام نمایید.</p><div class=\"new_row\"><a class=\"btn btn_medium btn_blue\" href=\"/register/\">ثبت نام</a><a class=\"btn btn_medium btn_orange\" href=\"/\">ورود</a></div></div>', 'مشاهده صفحاتی با این سطح دسترسی نیازمند حداقل ثبت نام در سایت میباشد.', '1', '1'), ('5', 'student_control_view', '', 'مشاهده صفحه های مربوط به مدیریت شاگردان', '1', '1'), ('6', 'student_control_conf_deny', '', 'تایید درخواست شاگردی یک شاگرد و یا رد آن و سایر تنظیمات مربوط با درخواست های شاگردان', '1', '1'), ('7', 'event_create', '', 'ایجاد کردن رویداد جدید', '1', '0'), ('8', 'follow', '', 'دنبال کردن اساتید', '1', '1'), ('9', 'post_edit', '', 'ویرایش پست های آموزشی', '1', '1'), ('10', 'post_insert', '', 'ثبت پست آموزشی جدید', '1', '1'), ('12', 'self_teacher', '', 'فرد یا گروهی که دارای این ویژگی باشد میتواند به عنوان مربی خود قرار داده شود و ویژگی های ورزشی خود، مانند کمربند و ... را تغییر دهد', '1', '0'), ('13', 'honors', '', 'دسترسی به منظور ثبت و ویرایش و حذف افتخارات', '1', '1'), ('14', 'student_setting', '', 'فردی دارای این دسترسی میتواند ویژگی های ورزشی شاگردان خود را ویرایش کند، ویژگی هایی مانند کمربند،استاد یا داور بودن و ...', '1', '1'), ('15', 'change_student_state', '', 'فرد/گروهی که این دسترسی را داشته باشد میتواند استان و شهر و سِمت شاگردان زیر دست خود را تغییر دهد.', '1', '0'), ('16', 'classes', '', 'ثبت، ویرایش و حذف کلاس هایی که اساتید میتوانند اجرا کنند', '1', '1'), ('17', 'teacher_image_upload', '', 'اجازه آپلود عکس برای اساتید و بالاتر', '1', '1'), ('18', 'event_table_edit', '', 'ایجاد و ویرایش، مقادیر مورد نیاز به  منظور دسته بندی افراد بر اساس وزن و سن، قابل استفاده در رویدادهایی که به وزن کشی نیازمند هستند.', '1', '0'), ('19', 'admin', 'شما اجازه دسترسی به این بخش را ندارید فقط مدیریت سایت میتواند به این قسمت دسترسی داشته باشد.', 'دسترسی ادمین', '1', '0'), ('20', 'comment_insert', 'you can not put a comment', 'مجوز قراردادن نظر خود در مورد نوشته های اساتید ', '1', '1'), ('21', 'post_like', 'you cannot like this post', 'اجازه لایک کردن پست های افراد دیگر ', '1', '1'), ('22', 'teacher', 'شما جزو اساتید نیستید', 'فردی که جزو گروه اساتید قرار گرفته باشد این دسترسی را دارد.', '1', '0'), ('23', 'admin', 'این قسمت فقط مربوط به ادمین میباشد', 'دسترسی ادمین', '1', '0'), ('24', '', '', '', '1', '0');
COMMIT;

-- ----------------------------
-- Table structure for sport
-- ----------------------------
DROP TABLE IF EXISTS `sport`;
CREATE TABLE `sport` (
`sportID`  int(11) NOT NULL AUTO_INCREMENT ,
`field`  varchar(50) CHARACTER SET utf8 COLLATE utf8_persian_ci NOT NULL ,
`branch`  varchar(50) CHARACTER SET utf8 COLLATE utf8_persian_ci NOT NULL ,
`sportConfirm`  tinyint(1) NOT NULL ,
`sport_description`  text CHARACTER SET utf8 COLLATE utf8_persian_ci NULL ,
PRIMARY KEY (`sportID`)
)
ENGINE=InnoDB
DEFAULT CHARACTER SET=utf8 COLLATE=utf8_persian_ci
AUTO_INCREMENT=7

;

-- ----------------------------
-- Records of sport
-- ----------------------------
BEGIN;
INSERT INTO `sport` VALUES ('1', 'هاپکیدو', 'توتال', '1', 'هاپکیدو از مبدا یک هنر رزمی کره ایست . هاپکیدو به معنی راه هماهنگی قدرت درونی است , هاپکیدو یک هنر رزمی کامل و دارای فنون چشمگیر و پویا می باشد . آنها دارای دو نوع روش سخت و نرم هستند فنون انحرافی و پرتاب کردن و بر زمین زدن حریف – قفل مفصل , شکستن از شاهکارهای این هنر است . هاپکیدو مرکب از دو هنر رزمی کره (یول سول) و پیوستن هنر رزمی ژاپنی معروف به (تای کیون) دایتوریو آی کی جوجیتسو و هر کدام یک مهارت در ضربات پای سنتی و قدیمی مرسوم در طی سه دوره پادشاهی هستند . آغاز هاپکیدو در کره همراه با مذاهب بود , فنون در ابتدا فقط با دست بود بجز راهبه های بلند مرتبه و دیگر کارمندان عالی رتبه سلطنتی برای امنیت شخصی , بسیاری از مردم کاملاً ماهر نبودند جز اندکی از قدیمیها . اواخر هاپکیدو راه کنترل بوسیله پدر هاپکیدو یونگ سول چوی (1986-1904) استارت خورد , سپس ایشان آغاز کردند تحقیق و مطالعه را از سن 9 سالگی , او دارای شیوه ژاپنی (دایتوریو آی کی جوجیتسو) ,استاد بزرگ (تاکی داسوکاکو) چهل سال استاد در هنر دفاع شخصی بود , در این راستا , یوشیبا و موریسی بنیانگذار آیکیدو شاگردان این استاد بزرگ بودند . بعد از مدتها (چوئی) به کره بازگشت البته بعد از مردن (تاکی دا) و مطالعات خود را آغاز کرد بر روی هنر کره ای و هاپکیدو را نقش داد . بعد از او شاگرد ارشدش (جی هان جی ) مطالعات استاد را ادامه داد و هاپکیدو را در کره در سالهای 1959 به صورت انجمن رسمی دائر نمود . جی هان جی هاپکیدو را با سرعت در بیشتر کشورهای جهان رشد داد و سبک او به نام خودش ثبت شد .  (Dea han hapkido) که  (Dea)به معنای حروف الفباء کره می باشد : (han) به معنای اسمش بود .'), ('2', 'هاپکیدو', 'KHF', '1', '\n          \n          \n          \n          \n          \n          \n          \n          \n          \n          \n          \n          \n          \n                    \n                    \n                    1.تاریخچه هاپکیدو به چه زمانی و به کجا باز می گردد؟ به حدود 1000 سال پیش و به کره به خصوص قسمت جنوبی کره (منظور کشور کره جنوبی نیست) 2.هاپکیدو رو به طور مختصر برای دوستانی که به آن آشنایی ندارند شرح دهید. هاپکیدو یعنی استفاده کردن هماهنگی نیروی درونی بدن و فکر با اجزای متحرک و کارای بدن و وسایلی که در اختیار بدن (سلاح) هستند به روش درست بر علیه دشمن . و در کلامی دیگر گستردگی در فعالیت رشته (منظور دفاع شخصی ، سلاح و اونواع مبارزات است) 3.انواع فعالیت های رسمی (مسابقاتی) هاپکیدو رو بیان کنید. مبارزات سلاح سرد ، نمایشات سلاح سرد ، مبارزات دفاع شخصی ، نمایش دفاع شخصی ، ترکیب دفاع شخصی با سلاح سرد گرم ، مبارزات سمی کنتانکت (تقریبا به سبک یو اف سی) و فول کنتاکت (تقریبا سبک کی وان) و حرکات نمایشی رزمی (برون مرزی) 4.تفاوت هاپکیدو جی اچ اف و کا اچ اف و دیگر زیر شاخه های هاپکیدو چیستند؟ هاپکیدو جی اچ اف یک انجمن جهانی معتبر و دارای دیرنه ای چند صد ساله است اما بقیه زیر شاخه ها انجمن های کوچکی از این رشته وسیع هستند. 5.مهمترین مزایای هاپکیدو جی اچ اف نسبت به سبک های دیگر رزمی کدامند. اگر در کلامی کوتاه بگویم \"گستردگی بیش از حد هاپکیدو جی اچ اف\" 6.هاپکیدو جی اچ اف تحت نظر کدام فدراسیون از چه زمانی زیر نظر این فدراسیون می باشد؟ این یک متن اضافه شده توسط ویرایشگر توضیحات ورزش می باشد'), ('3', 'تکواندو', 'هیانگ', '1', 'در سال ۱۹۶۳، در چهل و سومین فستیوال ورزشی ملی کره، تکواندو به عنوان رویدادی رسمی و ورزش ملی رسمیت یافت. از اوایل دهه ۱۹۶۰ بسیاری از اساتید تکواندو و کره به کشورهای مختلف مهاجرت کرده و در موطن جدید نسبت به گسترش تکواندو اهتمام ورزیده اند. در سال ۱۹۷۳ فدراسیون جهانی تکواندو (WTF) با حضور ۱۸ کشور شکل گرفت تا به صورتی نظام مندتر از فعالیت های مربوط به تکواندو در سراسر جهان حمایت کند. دو ماه پس از تشکیل فدراسیون جهانی، اولین دوره مسابقات تکواندو قهرمانی جهان در سئول برگزار گردید و از آن زمان تاکنون به صورت منظم هر دو سال یکبار برگزار می شود. به منظور بسط بیشتر این ورزش اوزان زنان نیز از سال ۱۹۸۷ به این مسابقات افزوده گردید. مرکزیت فدراسیون جهانی تکواندو در کوکی ون واقع در سئول است. ورزش تکواندو در دو المپیک ۱۹۸۸ و ۱۹۹۲ به صورت نمایشی در بازیهای المپیک گنجانده شد و در نهایت از المپیک ۲۰۰۰ سیدنی بصورت رسمی در میان رویدادهای المپیک قرار گرفت. پس از کشور کره جنوبی در حال حاضر ایران، تایوان و ایالات متحده پیشتازان رقابتهای جهانی و المپیک هستند.'), ('4', 'تکواندو', 'پومسه', '1', 'تکوان – دو مدرن در سطح وسیعی از هنر های رزمی دیگر متفاوت است . در حقیقت در هیچ هنــر رزمی دیگری تا این حد تاثیر تکنیکها و تناسب فیزیکی در کاربران آن دیده نمیشود . \"\"  ژنرال چوی هونگ هی ، بنیانگذار و پــدر تکـوان- دو  بطور کلی ، سال 1955 شروع رسمی شناخت تکوان – دو بعنوان یک هنر رزمی بود ، در آن سال یک مجمع ویژه از اساتید برتر هنر های رزمی کره و تاریخدانها و رهبران برجسته اجتماعی به منظور مشخص نمودن ورزش ملی شبهه جزیره کره تشکیل شد ، در تاریخ 11 آوریل آن سال مجمع توسط ژنرال چوی فراخوان شدند ، و نام \" تکوان- دو\" که توسط ژنرال چوی هونگ هی پیشنهاد شد ، مورد تصویب قرار گرفت تا جایگزین تمام نامهای قدیمی و گیج کننده مانند : دانگ سو ، گونگ سو ، تکیون ، کوان باپ، و غیره باشد .'), ('5', 'کنگ فو', 'توا', '1', 'کونگ‌فو توآ یک هنر رزمی ایرانی و یکی از سبک‌های ورزش کونگ‌فو است که بر بدن و روان سالم‌تر تاکید می‌کند.[۲] این ورزش با بهره‌گیری از تجربه ابراهیم میرزایی در زمینه‌های رشته‌های مختلف رزمی و جنگ‌های چریکی، در سال ۱۳۵۱ با این نام بنیان‌گذاری و پس از گذراندن مراحل آزمایشی در باشگاه سرباز (پهلوی سابق) فعالیت رسمی خود را با تاسیس دانشکده انشاء تن و روان در سال ۱۳۵۲ آغاز نموده‌است.[۳]  کونگ‌فو توآ دارای هفت مایگاه (بخش) است که به غیر از مایگاه اول که به حرکات فیزیکی و فعالیت‌های بدنی می‌پردازد، بقیه به جنبه‌های علمی، عرفانی و پزشکی در خصوص تن و روان اشاره دارد.[۴]  اصول اساسی، کونگ‌فو توآ توسط ابراهیم میرزایی در کتابی به عنوان کاراته و ذن و فیلمی به نام یم می انتشار یافته‌است.  هم‌اکنون هزاران کونگ‌فو توآ کار در ایران و چندین کشور از جمله آمریکا، کانادا، هلند، ترکیه، آذربایجان، سوریه، لبنان، پاکستان، افغانستان، سوئد، هندوستان، بلژیک ،آلمان و فرانسه فعالیت می‌نمایند.[۵]'), ('6', 'کیک بوکس', 'تاپ', '1', null);
COMMIT;

-- ----------------------------
-- Table structure for state
-- ----------------------------
DROP TABLE IF EXISTS `state`;
CREATE TABLE `state` (
`stateID`  int(11) NOT NULL AUTO_INCREMENT ,
`stateName`  varchar(50) CHARACTER SET utf8 COLLATE utf8_persian_ci NOT NULL ,
`countyName`  varchar(50) CHARACTER SET utf8 COLLATE utf8_persian_ci NOT NULL ,
`created`  datetime NOT NULL ,
`updated`  timestamp NULL DEFAULT NULL ON UPDATE CURRENT_TIMESTAMP ,
PRIMARY KEY (`stateID`)
)
ENGINE=InnoDB
DEFAULT CHARACTER SET=utf8 COLLATE=utf8_persian_ci
AUTO_INCREMENT=17

;

-- ----------------------------
-- Records of state
-- ----------------------------
BEGIN;
INSERT INTO `state` VALUES ('1', 'همدان', 'همدان', '0000-00-00 00:00:00', null), ('2', 'همدان', 'بهار', '0000-00-00 00:00:00', null), ('3', 'همدان', 'ملایر', '0000-00-00 00:00:00', null), ('4', 'همدان', 'رزن', '0000-00-00 00:00:00', null), ('5', 'تهران', 'تهران', '0000-00-00 00:00:00', null), ('6', 'تهران', 'پرند', '0000-00-00 00:00:00', null), ('7', 'تهران', 'ورامین', '0000-00-00 00:00:00', null), ('8', 'البرز', 'البرز', '0000-00-00 00:00:00', null), ('10', 'یزد', 'یزد', '0000-00-00 00:00:00', null), ('11', 'خوزستان', 'اهواز', '0000-00-00 00:00:00', null), ('13', 'خوزستان', 'مسجد سلیمان', '0000-00-00 00:00:00', null), ('14', 'آذربایجان غربی', 'ارومیه', '0000-00-00 00:00:00', '2015-05-28 02:27:22'), ('15', 'لرستان', 'خرم آباد', '0000-00-00 00:00:00', null), ('16', 'خراسان جنوبی', 'خراسان جنوبی', '0000-00-00 00:00:00', '2015-05-28 02:27:28');
COMMIT;

-- ----------------------------
-- Table structure for subbranch
-- ----------------------------
DROP TABLE IF EXISTS `subbranch`;
CREATE TABLE `subbranch` (
`subBranchID`  int(11) NOT NULL AUTO_INCREMENT ,
`sportID`  int(11) NOT NULL ,
`subBranchName`  varchar(50) CHARACTER SET utf8 COLLATE utf8_persian_ci NOT NULL ,
PRIMARY KEY (`subBranchID`)
)
ENGINE=InnoDB
DEFAULT CHARACTER SET=utf8 COLLATE=utf8_persian_ci
AUTO_INCREMENT=3

;

-- ----------------------------
-- Records of subbranch
-- ----------------------------
BEGIN;
INSERT INTO `subbranch` VALUES ('1', '1', 'سمی کنتاکت'), ('2', '1', 'فول کنتاکت');
COMMIT;

-- ----------------------------
-- Table structure for tag
-- ----------------------------
DROP TABLE IF EXISTS `tag`;
CREATE TABLE `tag` (
`id`  int(11) NOT NULL AUTO_INCREMENT ,
`bundle`  varchar(255) CHARACTER SET utf8 COLLATE utf8_persian_ci NOT NULL ,
`cat_id`  int(11) NOT NULL ,
`entity_id`  int(11) NOT NULL ,
`created`  date NOT NULL ,
`updated`  timestamp NULL DEFAULT NULL ON UPDATE CURRENT_TIMESTAMP ,
PRIMARY KEY (`id`),
INDEX `post_id` (`entity_id`) USING BTREE 
)
ENGINE=InnoDB
DEFAULT CHARACTER SET=utf8 COLLATE=utf8_persian_ci
AUTO_INCREMENT=144

;

-- ----------------------------
-- Records of tag
-- ----------------------------
BEGIN;
INSERT INTO `tag` VALUES ('136', 'post', '2', '256', '2015-09-05', null), ('137', 'post', '4', '256', '2015-09-05', null), ('138', 'post', '9', '257', '2015-09-05', null), ('139', 'post', '6', '258', '2015-09-05', null), ('140', 'post', '5', '259', '2015-09-05', null), ('141', 'post', '4', '260', '2015-09-05', null), ('142', 'post', '1', '261', '2015-09-05', null), ('143', 'post', '4', '262', '2015-09-05', null);
COMMIT;

-- ----------------------------
-- Table structure for teacher_class
-- ----------------------------
DROP TABLE IF EXISTS `teacher_class`;
CREATE TABLE `teacher_class` (
`class_id`  int(11) NOT NULL AUTO_INCREMENT ,
`user_id`  int(11) NOT NULL ,
`gym_id`  int(11) NOT NULL ,
`sport_id`  int(11) NOT NULL DEFAULT 0 ,
`insertion_date`  timestamp NOT NULL DEFAULT CURRENT_TIMESTAMP ,
PRIMARY KEY (`class_id`)
)
ENGINE=InnoDB
DEFAULT CHARACTER SET=utf8 COLLATE=utf8_persian_ci
AUTO_INCREMENT=94

;

-- ----------------------------
-- Records of teacher_class
-- ----------------------------
BEGIN;
INSERT INTO `teacher_class` VALUES ('85', '86', '86', '0', '2015-02-27 01:44:01'), ('86', '86', '87', '0', '2015-03-06 20:10:50'), ('87', '86', '88', '0', '2015-05-22 17:46:09'), ('89', '86', '90', '0', '2015-07-24 21:30:30'), ('90', '86', '91', '0', '2015-07-24 22:49:25'), ('91', '152', '92', '0', '2015-08-24 14:00:22'), ('92', '70', '93', '0', '2015-08-25 09:23:33'), ('93', '70', '94', '0', '2015-08-25 09:24:14');
COMMIT;

-- ----------------------------
-- Table structure for teacherspics
-- ----------------------------
DROP TABLE IF EXISTS `teacherspics`;
CREATE TABLE `teacherspics` (
`picID`  int(11) NOT NULL AUTO_INCREMENT ,
`teacherID`  int(11) NOT NULL ,
`picName`  varchar(50) CHARACTER SET utf8 COLLATE utf8_persian_ci NOT NULL ,
`insertDate`  timestamp NOT NULL DEFAULT CURRENT_TIMESTAMP ,
PRIMARY KEY (`picID`)
)
ENGINE=InnoDB
DEFAULT CHARACTER SET=utf8 COLLATE=utf8_persian_ci
AUTO_INCREMENT=168

;

-- ----------------------------
-- Records of teacherspics
-- ----------------------------
BEGIN;
INSERT INTO `teacherspics` VALUES ('151', '70', '1418401604_70_thumb.jpg', '2014-12-12 16:26:44'), ('152', '70', '1419013833_70_thumb.jpg', '2014-12-19 18:30:33'), ('153', '70', '1418401616_70_thumb.jpg', '2014-12-12 16:26:56'), ('155', '70', '1419013837_70_thumb.jpg', '2014-12-19 18:30:37'), ('156', '76', '1416818925_76_thumb.jpg', '2014-11-24 12:18:45'), ('157', '76', '1416818943_76_thumb.jpg', '2014-11-24 12:19:03'), ('159', '76', '1416819131_76_thumb.jpg', '2014-11-24 12:22:11'), ('160', '76', '1416827233_76_thumb.jpg', '2014-11-24 14:37:13'), ('161', '86', '1425659709_86_thumb.jpg', '2015-03-06 16:35:09'), ('162', '86', '1432243078_86_thumb.jpg', '2015-05-22 01:47:58'), ('163', '86', '1425914837_86_thumb.jpg', '2015-03-09 15:27:17'), ('164', '89', '1417005620_86_thumb.jpg', '2014-11-26 16:10:20'), ('165', '89', '1417960938_89_thumb.jpg', '2014-12-07 17:32:18'), ('166', '89', '1417960947_89_thumb.jpg', '2014-12-07 17:32:27'), ('167', '86', '1425659714_86_thumb.jpg', '2015-03-06 16:35:14');
COMMIT;

-- ----------------------------
-- Table structure for user
-- ----------------------------
DROP TABLE IF EXISTS `user`;
CREATE TABLE `user` (
`userID`  int(11) NOT NULL AUTO_INCREMENT ,
`stateID`  int(11) NOT NULL ,
`degreeID`  int(11) NOT NULL ,
`first_name`  varchar(40) CHARACTER SET utf8 COLLATE utf8_persian_ci NOT NULL ,
`last_name`  varchar(40) CHARACTER SET utf8 COLLATE utf8_persian_ci NOT NULL ,
`sex`  varchar(5) CHARACTER SET utf8 COLLATE utf8_persian_ci NOT NULL ,
`national_code`  varchar(10) CHARACTER SET utf8 COLLATE utf8_persian_ci NULL DEFAULT NULL ,
`birth_date`  varchar(10) CHARACTER SET utf8 COLLATE utf8_persian_ci NOT NULL ,
`foot`  bit(1) NOT NULL ,
`weight`  int(3) NULL DEFAULT NULL ,
`length`  int(3) NULL DEFAULT NULL ,
`description`  text CHARACTER SET utf8 COLLATE utf8_persian_ci NULL ,
`created`  date NOT NULL ,
`updated`  timestamp NULL DEFAULT NULL ON UPDATE CURRENT_TIMESTAMP ,
`modifierID`  int(11) NULL DEFAULT NULL ,
PRIMARY KEY (`userID`),
INDEX `userID` (`userID`) USING BTREE 
)
ENGINE=InnoDB
DEFAULT CHARACTER SET=utf8 COLLATE=utf8_persian_ci
AUTO_INCREMENT=194

;

-- ----------------------------
-- Records of user
-- ----------------------------
BEGIN;
INSERT INTO `user` VALUES ('1', '1', '20', 'رامین', 'صادقی', 'مرد', '3860335499', '1991-06-02', '', '70', '170', 'این پست در این تاریخ ویرایش شده است', '0000-00-00', '2014-11-08 00:00:00', '1'), ('2', '3', '15', 'رامین', 'ادمین', 'زن', null, '1995-06-02', '\0', '60', '180', 'من به ورزشهای مختلفی علاقه دارم و از سنین بیسار پایین به این ورزشها مشغول بوده ام.', '0000-00-00', null, null), ('3', '1', '0', 'علی', 'اصحابی', 'مرد', null, '0000-00-00', '\0', '80', '180', 'علی اصحابی بهترین مبارز در چند سال اخیر شناخته شده است.', '0000-00-00', null, null), ('4', '1', '5', 'بهروز', 'وثوقی', 'مرد', null, '0000-00-00', '', '55', '165', 'بهروز وثوقی نه تنها یک ورزشکار نمونه می باشد بلکه در زمینه های هنری دیگر هم فعالیت دارد.', '0000-00-00', null, null), ('5', '5', '10', 'علی ', 'زارعی', 'مرد', null, '1995-06-02', '\0', '34', '123', null, '0000-00-00', '2014-10-04 00:00:00', '12'), ('6', '4', '5', 'مهنا', 'اخوان', 'زن', null, '0000-00-00', '\0', '62', '180', null, '0000-00-00', null, null), ('7', '4', '15', 'کاظم', 'اخوان', 'مرد', null, '0000-00-00', '', '68', '175', null, '0000-00-00', null, null), ('70', '1', '20', 'روح الله', 'صادق نسب', 'مرد', '3860335499', '1991-06-02', '', '70', '170', '<script>alert(\'hi\')</script>\r\nسلا این متنی است که من در مورد خودم نوشتم و \r\nباید در صفحه من به نمایش در بیاید، این متن حاوی \\n هم میباشد\r\nسلام جدید و یک خط جدید', '2014-10-01', '2014-12-12 00:00:00', '70'), ('71', '5', '20', 'نژند', 'GHF', 'مرد', '3860335499', '1988-06-02', '', '75', '180', 'این توضیحات در مورد نژند است جی. اچ. اف', '2014-10-23', '2014-11-08 00:00:00', '71'), ('72', '1', '15', 'فرشاد', 'GHF', 'مرد', null, '1988-06-02', '', '90', null, null, '2014-10-23', null, null), ('73', '5', '20', 'آرش', 'GHF', 'مرد', '1234565645', '1988-06-02', '', '90', '190', 'آرش جی.اچ.اف یک استاد در تهران میباشد.', '2014-10-23', '2014-11-08 00:00:00', '73'), ('74', '5', '15', 'علی', 'GHF', 'مرد', null, '1988-06-02', '', null, null, null, '2014-10-23', null, null), ('75', '6', '15', 'پیمان', 'GHF', 'مرد', null, '1988-06-02', '', null, null, null, '2014-10-23', null, null), ('76', '1', '15', 'رضا', 'GHF', 'مرد', '3546879856', '1988-06-02', '', '75', '192', 'سلام من رضا جی اچ اف هستم از همدان، دارای تعدادی شاگرد میباشم', '2014-10-23', '2015-05-28 00:39:31', '76'), ('77', '2', '15', 'بهار', 'GHF', 'مرد', null, '1988-06-02', '', null, null, null, '2014-10-23', null, null), ('78', '5', '15', 'حامد', 'GHF', 'مرد', null, '1988-06-02', '', null, null, null, '2014-10-23', null, null), ('79', '5', '15', 'شهاب', 'GHF', 'مرد', null, '1988-06-02', '', null, null, null, '2014-10-23', null, null), ('80', '1', '15', 'رامین', 'GHF', 'مرد', null, '1988-06-02', '', null, null, null, '2014-10-23', null, null), ('81', '1', '15', 'مهدی', 'GHF', 'مرد', null, '1988-06-02', '', '70', '192', null, '2014-10-23', null, null), ('82', '2', '15', 'زارعی', 'GHF', 'مرد', null, '1988-06-02', '', null, null, null, '2014-10-23', null, null), ('83', '2', '15', 'اسگری', 'GHF', 'مرد', null, '1988-06-02', '', null, null, null, '2014-10-23', null, null), ('84', '6', '15', 'عباس', 'GHF', 'مرد', null, '1988-06-02', '', null, null, null, '2014-10-23', null, null), ('85', '6', '15', 'حمید', 'GHF', 'مرد', '3860335499', '1988-06-02', '', '60', '165', 'من حمید هستم از تهران', '2014-10-23', '2015-05-02 00:00:00', '85'), ('86', '5', '25', 'رامین', 'WTF', 'مرد', '8665323215', '1988-06-02', '', '66', '175', 'سید مهدی نژند، متولد تهران، استاد رشته هاپکیدو می باشم.\r\nفعالیت خود را از سال ......\r\nدر رشته هاپکیدو تا به حال مقام های زیادی را کسب کرده ام و توانسته ام \r\nبرای دومین بار\r\nدر جهان مقام اول را کسب کنم که اخرین دفعه سال 2014 بود.\r\nسید مهدی نژند، متولد تهران، استاد رشته هاپکیدو می باشم.\r\nفعالیت خود را از سال ......', '2014-10-23', '2015-08-26 00:27:12', '86'), ('87', '1', '15', 'فرشاد', 'KHF', 'مرد', null, '1988-06-02', '', null, null, null, '2014-10-23', null, null), ('88', '7', '15', 'آرش', 'KHF', 'مرد', null, '1988-06-02', '', null, null, null, '2014-10-23', null, null), ('89', '5', '15', 'علی', 'KHF', 'مرد', '5643549846', '1988-06-02', '', '90', '187', 'من علی کا.اچ.اف هستم. ', '2014-10-23', '2014-12-07 00:00:00', '89'), ('90', '6', '15', 'پیمان', 'KHF', 'مرد', null, '1988-06-02', '', null, null, null, '2014-10-23', null, null), ('91', '1', '15', 'رضا', 'KHF', 'مرد', null, '1988-06-02', '', null, null, null, '2014-10-23', null, null), ('92', '4', '15', 'رزن', 'KHF', 'مرد', null, '1988-06-02', '', null, null, null, '2014-10-23', null, null), ('93', '5', '15', 'حامد', 'KHF', 'مرد', null, '1988-06-02', '', null, null, null, '2014-10-23', null, null), ('94', '5', '15', 'شهاب', 'KHF', 'مرد', null, '1988-06-02', '', null, null, null, '2014-10-23', null, null), ('95', '1', '15', 'رامین', 'KHF', 'مرد', null, '1988-06-02', '', null, null, null, '2014-10-23', null, null), ('96', '1', '15', 'مهدی', 'KHF', 'مرد', null, '1988-06-02', '', null, null, null, '2014-10-23', null, null), ('97', '4', '15', 'زارعی', 'KHF', 'مرد', null, '1988-06-02', '', null, null, null, '2014-10-23', null, null), ('98', '4', '15', 'اسگری', 'KHF', 'مرد', null, '1988-06-02', '', null, null, null, '2014-10-23', null, null), ('99', '6', '15', 'عباس', 'KHF', 'مرد', null, '1988-06-02', '', null, null, null, '2014-10-23', null, null), ('100', '6', '15', 'حمیده', 'KHF', 'مرد', null, '1988-06-02', '', null, null, null, '2014-10-23', null, null), ('101', '5', '15', 'نژند', 'پومسه', 'مرد', null, '1988-06-02', '', null, null, null, '2014-10-23', null, null), ('102', '1', '15', 'فرشاد', 'پومسه', 'مرد', null, '1988-06-02', '', null, null, null, '2014-10-23', null, null), ('103', '5', '15', 'آرش', 'پومسه', 'مرد', null, '1988-06-02', '', null, null, null, '2014-10-23', null, null), ('104', '7', '15', 'پیمان', 'پومسه', 'مرد', null, '1988-06-02', '', null, null, null, '2014-10-23', null, null), ('105', '5', '15', 'علی', 'پومسه', 'مرد', null, '1988-06-02', '', null, null, null, '2014-10-23', null, null), ('106', '1', '15', 'رضا', 'پومسه', 'مرد', null, '1988-06-02', '', null, null, null, '2014-10-23', null, null), ('107', '3', '15', 'ملایر', 'پومسه', 'مرد', null, '1988-06-02', '', null, null, null, '2014-10-23', null, null), ('108', '5', '15', 'حامد', 'پومسه', 'مرد', null, '1988-06-02', '', null, null, null, '2014-10-23', null, null), ('109', '5', '15', 'شهاب', 'پومسه', 'مرد', null, '1988-06-02', '', null, null, null, '2014-10-23', null, null), ('110', '1', '15', 'رامین', 'پومسه', 'مرد', null, '1988-06-02', '', null, null, null, '2014-10-23', null, null), ('111', '1', '15', 'مهدی', 'پومسه', 'مرد', null, '1988-06-02', '', null, null, null, '2014-10-23', null, null), ('112', '3', '15', 'زارعی', 'پومسه', 'مرد', null, '1988-06-02', '', null, null, null, '2014-10-23', null, null), ('113', '3', '15', 'اسگری', 'پومسه', 'مرد', null, '1988-06-02', '', null, null, null, '2014-10-23', null, null), ('114', '7', '15', 'عباس', 'پومسه', 'مرد', null, '1988-06-02', '', null, null, null, '2014-10-23', null, null), ('115', '7', '15', 'حمیده', 'پومسه', 'مرد', null, '1988-06-02', '', null, null, null, '2014-10-23', null, null), ('117', '1', '15', 'رامین', 'صادقی', '1', '135446598', '1991-6-2', '\0', null, null, null, '0000-00-00', null, null), ('118', '1', '15', 'علی رضا', 'صادقی', '1', '3854686466', '1977-9-3', '\0', null, null, null, '0000-00-00', null, null), ('122', '5', '15', 'آرام', 'خضری', '1', '3546546546', '1992-8-3', '\0', '95', '185', 'من آرام خضری هستم.\r\n<script>alert(\'hi\')</script>', '0000-00-00', '2014-11-21 00:00:00', '122'), ('123', '1', '20', 'شاگرد جدید', 'رضا جی اچ اف', '1', '3556486265', '1967-3-6', '\0', null, null, null, '0000-00-00', null, null), ('124', '1', '25', 'شاگرد رامین', 'تازه ثبت نام شده', '1', '5645532165', '2001-8-16', '\0', null, null, null, '0000-00-00', null, null), ('125', '1', '15', 'فرشاد ', 'کیهانی', '1', '5468654631', '1982-4-21', '\0', '95', '190', 'من فرشاد کیهانی هستم، .......شسی نمتشسمنتمشنت  شسینت', '0000-00-00', '2014-11-26 00:00:00', '125'), ('126', '1', '20', 'میترا', 'قائدی', '1', '6546546546', '1990-10-12', '\0', '85', '175', 'من میترا قائدی هستم از اصفهان', '2014-12-01', '2014-11-29 00:00:00', '126'), ('127', '1', '15', 'شاگرد ', 'فرشاد ghf', '1', '8465486465', '1991-6-2', '\0', null, null, null, '0000-00-00', null, null), ('132', '1', '15', 'کمربند', 'سفید', '1', '1645986549', '1971-6-5', '\0', '90', '180', '', '0000-00-00', '2014-12-12 00:00:00', '132'), ('133', '1', '25', 'غلام', 'عابدی', '1', '1564235498', '1975-5-5', '\0', null, null, null, '0000-00-00', null, null), ('135', '1', '5', 'رامین صادقی', 'asdad', '1', null, '1991-6-2', '\0', null, null, null, '0000-00-00', null, null), ('136', '1', '5', 'asdasdasd', 'asdasdasd', '1', null, '1991-6-2', '\0', null, null, null, '0000-00-00', null, null), ('137', '1', '5', 'علیرضا', 'پوریامنش', '1', null, '1966-9-11', '\0', null, null, null, '0000-00-00', null, null), ('139', '1', '5', 'شاگرد جدید', 'جی اچ اف', '1', null, '1992-01-02', '\0', null, null, null, '0000-00-00', null, null), ('145', '1', '5', 'شاگرد جدید یک', 'جی اچ اف', '1', null, '1991-06-02', '\0', null, null, null, '0000-00-00', null, null), ('146', '1', '5', 'شاگرد جدید دو', 'جی اچ اف', '1', null, '1991-05-24', '\0', null, null, null, '0000-00-00', null, null), ('147', '1', '5', 'شاگرد جدید سه', 'جی اچ اف', '1', null, '1991-06-02', '\0', null, null, null, '0000-00-00', null, null), ('150', '1', '5', 'شاگرد جدید چهار', 'جی اچ اف', '1', null, '1986-09-09', '\0', null, null, null, '0000-00-00', null, null), ('151', '5', '5', 'شاگرد جدید پنج', 'کا اچ اف', '1', null, '2001-08-27', '\0', null, null, null, '0000-00-00', null, null), ('152', '8', '25', 'سید مهدی', 'نژند', '1', '3860335499', '1966-12-06', '\0', '80', '172', 'استاد سيد مهدي نژند متولد آذر ماه 1345 مي باشند ، ايشان از سالهاي 1354 با هنر رزمي كونگ فو وكاراته رزمي را شروع نمود ،وتا سالهاي 1358 اين دو ورزش را د ركنار هم تمرين كردند سپس با تكوان دو آشنا شدند وتا سالهاي 1374 در اين رشته رزمي عناوين مختلفي را كسب نمودند . سپس با سفر به كشورهاي آسيائي واروپائي د ررشته هاي مختلف رزمي تجربه بسيار زيادي را كسب كردند وهمچنين سالها د رمسابقات خارجي شركت نمودند كه باز با موفقيت به پايان رسيد .\r\nاستاد نژند د ركشورهاي خارجي با بازي د رمسابقات فول كنتاكت ومسابقات آزاد به صورت حرفه اي آغاز به كار كردند و بعد از سالها به كشور ايران باز گشتند وبا هنر رزمي كوك سول وان وهاپكيدو آشنا شدند بعد از آن توسط استاد خود آقاي ولي نژاد به كشور كره جنوبي اعزام شدند ود رآنجا تحت نظر استاد بزرگ Lee Chang Soo آموزشهاي لازم را دوره ديدند د رآن زمان ايشان مسئول تيم نمايشات هاپكيدو كره بودند به رياست استاد بزرگ Oh Seilem سپس د راولين دوره مسابقات كره جنوبي فدراسيون هنرهاي رزمي نيو فايت شركت كردند وطلاي اين دوره از مسابقات را نصيب خود نمودند .د رآن زمان سبك هاپكيدو داراي مسابقات نبود وفقط دفاع شخصي را پيشه مي گرفتند . \r\nاستاد نژند بعداز اينكه از كره جنوبي برگشتند مشاهده كردند سبك هاپكيدوKHF كره مسابقاتي در خود ندارد وتنها وقت خود را در اجراي تكنيك ودفاع شخصي مي گذارند واين بد نبود ولي استاد نژند چون يك مبارزگر بود تنها به فكر مسابقات وقهرماني بودند وبه يك چيز فكر مي كردند فتح قله قهرماني .استاد به كشو رکره مسافرت كردند ود رانجا با شيوه هاي رزمي آشنا شدند وتجربي را كسب كردند وآن را به ايران آوردند .', '0000-00-00', '2015-08-26 20:09:13', null), ('153', '1', '5', 'فرشاد', 'کیهانی', '1', '1235468798', '1982-08-16', '\0', '70', '180', '654654645', '0000-00-00', '2015-08-26 22:06:47', null), ('154', '10', '5', 'محمد علی', 'آزادی طلب', '1', '6546549879', '1974-06-02', '\0', '70', '170', '24654654654', '0000-00-00', '2015-08-26 22:06:05', null), ('155', '13', '5', 'مهراب', 'حاجت پور', '1', '5465465465', '1981-06-02', '\0', '70', '180', '654654654', '0000-00-00', '2015-08-26 22:05:29', null), ('156', '14', '5', 'مصطفی', 'کارگر', '1', '6546549879', '1981-06-02', '\0', '70', '180', 'درباره من', '0000-00-00', '2015-08-26 22:04:56', null), ('157', '7', '5', 'زهرا', 'اکبری', '0', '1321321654', '1983-10-07', '\0', '52', '162', 'درباره من', '0000-00-00', '2015-08-26 22:04:17', null), ('159', '15', '5', 'پژمان', 'هادی زاده', '1', '6546546546', '1986-09-03', '\0', '70', '180', 'درباره من', '0000-00-00', '2015-08-26 22:03:32', null), ('160', '8', '5', 'یحیی', 'صالح زاده', '1', '1234567895', '1986-06-02', '\0', '70', '180', 'توضیحات در باره من', '0000-00-00', '2015-08-26 22:02:45', null), ('161', '8', '0', 'علی', 'اصحابی', '1', null, '1991-06-02', '\0', null, null, null, '2015-07-24', null, null), ('162', '8', '0', 'مهدی', 'احمدوند', '1', null, '1991-06-02', '\0', null, null, null, '2015-07-24', null, null), ('163', '8', '0', 'مهدی', 'احمدوند', '1', null, '1991-06-02', '\0', null, null, null, '2015-07-24', null, null), ('164', '8', '0', 'مهدی', 'احمدوند', '1', null, '1991-06-02', '\0', null, null, null, '2015-07-24', null, null), ('165', '8', '0', 'مهدی', 'احمدوند', '1', null, '1991-06-02', '\0', null, null, null, '2015-07-24', null, null), ('189', '8', '0', 'مهدی', 'احمدوند', '1', null, '1991-06-02', '\0', null, null, null, '2015-07-24', null, null), ('190', '8', '0', 'مهدی', 'احمدوند', '1', null, '1991-06-02', '\0', null, null, null, '2015-07-24', null, null), ('191', '8', '0', 'مهدی', 'احمدوند', '1', null, '1991-06-02', '\0', null, null, null, '2015-07-24', null, null), ('192', '1', '0', 'علی ', 'مرادی', '1', null, '1992-01-11', '\0', null, null, null, '2015-08-23', null, null), ('193', '16', '0', 'مصطفی', 'کارگر', '1', null, '1991-06-02', '\0', '70', null, null, '2015-08-24', '2015-08-26 20:51:55', null);
COMMIT;

-- ----------------------------
-- Table structure for user_pass
-- ----------------------------
DROP TABLE IF EXISTS `user_pass`;
CREATE TABLE `user_pass` (
`id`  int(11) NOT NULL AUTO_INCREMENT ,
`uid`  int(11) NOT NULL ,
`username`  varchar(50) CHARACTER SET utf8 COLLATE utf8_persian_ci NOT NULL ,
`password`  varchar(60) CHARACTER SET utf8 COLLATE utf8_persian_ci NOT NULL ,
`email`  varchar(50) CHARACTER SET utf8 COLLATE utf8_persian_ci NOT NULL ,
`created`  datetime NOT NULL ,
`updated`  timestamp NULL DEFAULT NULL ON UPDATE CURRENT_TIMESTAMP ,
PRIMARY KEY (`id`),
INDEX `username` (`username`) USING BTREE ,
INDEX `email` (`email`) USING BTREE 
)
ENGINE=InnoDB
DEFAULT CHARACTER SET=utf8 COLLATE=utf8_persian_ci
AUTO_INCREMENT=117

;

-- ----------------------------
-- Records of user_pass
-- ----------------------------
BEGIN;
INSERT INTO `user_pass` VALUES ('1', '10', 'ramin1', '$2y$10$OTQ1OGZiMmQ0ZDBmYjY4Yupfkv6nEDoNGYHRQhJCnETe3L5FIbtf6', 'r@yahoo.com', '0000-00-00 00:00:00', null), ('4', '29', 'testAli', '$2y$10$OTQ1OGZiMmQ0ZDBmYjY4Yupfkv6nEDoNGYHRQhJCnETe3L5FIbtf6', 'ali@ghafar.com', '0000-00-00 00:00:00', null), ('5', '30', 'testAli', '$2y$10$OTQ1OGZiMmQ0ZDBmYjY4Yupfkv6nEDoNGYHRQhJCnETe3L5FIbtf6', 'ali@ghafar.com', '0000-00-00 00:00:00', null), ('6', '31', 'testAli', '$2y$10$OTQ1OGZiMmQ0ZDBmYjY4Yupfkv6nEDoNGYHRQhJCnETe3L5FIbtf6', 'ali@ghafar.com', '0000-00-00 00:00:00', null), ('8', '70', 'ramin.sadeghi', '$2y$10$YTlkYjg0NDI1MDQ3YTc1NuRTIJxrPJRtrn6osgrws70PZs7B4DZQa', 'rasadeghnasab@gmail.com', '0000-00-00 00:00:00', null), ('9', '10', 'rasadeghnasab@gmail.com', '$2y$10$OTQ1OGZiMmQ0ZDBmYjY4Yupfkv6nEDoNGYHRQhJCnETe3L5FIbtf6', 'rasadeghnasab@gmail.com', '0000-00-00 00:00:00', null), ('10', '11', 'rasadeghnasab@gmail.com', '$2y$10$OTQ1OGZiMmQ0ZDBmYjY4Yupfkv6nEDoNGYHRQhJCnETe3L5FIbtf6', 'rasadeghnasab@gmail.com', '0000-00-00 00:00:00', null), ('11', '12', 'rasadeghnasab@gmail.com', '$2y$10$OTQ1OGZiMmQ0ZDBmYjY4Yupfkv6nEDoNGYHRQhJCnETe3L5FIbtf6', 'rasadeghnasab@gmail.com', '0000-00-00 00:00:00', null), ('12', '13', 'rasadeghnasab@gmail.com', '$2y$10$OTQ1OGZiMmQ0ZDBmYjY4Yupfkv6nEDoNGYHRQhJCnETe3L5FIbtf6', 'rasadeghnasab@gmail.com', '0000-00-00 00:00:00', null), ('13', '14', 'rasadeghnasab@gmail.com', '$2y$10$OTQ1OGZiMmQ0ZDBmYjY4Yupfkv6nEDoNGYHRQhJCnETe3L5FIbtf6', 'rasadeghnasab@gmail.com', '0000-00-00 00:00:00', null), ('14', '15', 'rasadeghnasab@gmail.com', '$2y$10$OTQ1OGZiMmQ0ZDBmYjY4Yupfkv6nEDoNGYHRQhJCnETe3L5FIbtf6', 'rasadeghnasab@gmail.com', '0000-00-00 00:00:00', null), ('15', '16', 'rasadeghnasab@gmail.com', '$2y$10$OTQ1OGZiMmQ0ZDBmYjY4Yupfkv6nEDoNGYHRQhJCnETe3L5FIbtf6', 'rasadeghnasab@gmail.com', '0000-00-00 00:00:00', null), ('16', '17', 'rasadeghnasab@gmail.com', '$2y$10$OTQ1OGZiMmQ0ZDBmYjY4Yupfkv6nEDoNGYHRQhJCnETe3L5FIbtf6', 'rasadeghnasab@gmail.com', '0000-00-00 00:00:00', null), ('17', '18', 'rasadeghnasab@gmail.com', '$2y$10$OTQ1OGZiMmQ0ZDBmYjY4Yupfkv6nEDoNGYHRQhJCnETe3L5FIbtf6', 'rasadeghnasab@gmail.com', '0000-00-00 00:00:00', null), ('18', '19', 'rasadeghnasab@gmail.com', '$2y$10$OTQ1OGZiMmQ0ZDBmYjY4Yupfkv6nEDoNGYHRQhJCnETe3L5FIbtf6', 'rasadeghnasab@gmail.com', '0000-00-00 00:00:00', null), ('19', '20', 'rasadeghnasab@gmail.com', '$2y$10$OTQ1OGZiMmQ0ZDBmYjY4Yupfkv6nEDoNGYHRQhJCnETe3L5FIbtf6', 'rasadeghnasab@gmail.com', '0000-00-00 00:00:00', null), ('24', '76', '123456', '$2y$10$OTQ1OGZiMmQ0ZDBmYjY4Yupfkv6nEDoNGYHRQhJCnETe3L5FIbtf6', 'rasadeghnasab@gmail.com', '0000-00-00 00:00:00', null), ('26', '88', 'arash', '$2y$10$OTQ1OGZiMmQ0ZDBmYjY4Yupfkv6nEDoNGYHRQhJCnETe3L5FIbtf6', 'rasadeghnasab@gmail.com', '0000-00-00 00:00:00', null), ('27', '23', '3216', '$2y$10$OTQ1OGZiMmQ0ZDBmYjY4Yupfkv6nEDoNGYHRQhJCnETe3L5FIbtf6', 'rasadeghnasab@gmail.com', '0000-00-00 00:00:00', null), ('30', '89', 'ali_khf', '$2y$10$OTQ1OGZiMmQ0ZDBmYjY4Yupfkv6nEDoNGYHRQhJCnETe3L5FIbtf6', 'rasadeghnasab@gmail.com', '0000-00-00 00:00:00', null), ('31', '35', '321', '$2y$10$OTQ1OGZiMmQ0ZDBmYjY4Yupfkv6nEDoNGYHRQhJCnETe3L5FIbtf6', 'rasadeghnasab@gmail.com', '0000-00-00 00:00:00', null), ('32', '36', '465', '$2y$10$OTQ1OGZiMmQ0ZDBmYjY4Yupfkv6nEDoNGYHRQhJCnETe3L5FIbtf6', 'rasadeghnasab@gmail.com', '0000-00-00 00:00:00', null), ('33', '37', '32112345', '$2y$10$OTQ1OGZiMmQ0ZDBmYjY4Yupfkv6nEDoNGYHRQhJCnETe3L5FIbtf6', 'rasadeghnasab@gmail.com', '0000-00-00 00:00:00', null), ('34', '86', '1234567', '$2y$10$OTQ1OGZiMmQ0ZDBmYjY4Yupfkv6nEDoNGYHRQhJCnETe3L5FIbtf6', 'rasadeghnasab@gmail.com', '0000-00-00 00:00:00', null), ('44', '48', '45', '$2y$10$OTQ1OGZiMmQ0ZDBmYjY4Yupfkv6nEDoNGYHRQhJCnETe3L5FIbtf6', 'rasadeghnasab@gmail.com', '0000-00-00 00:00:00', null), ('46', '50', '654', '$2y$10$OTQ1OGZiMmQ0ZDBmYjY4Yupfkv6nEDoNGYHRQhJCnETe3L5FIbtf6', 'rasadeghnasab@gmail.com', '0000-00-00 00:00:00', null), ('47', '51', '654', '$2y$10$OTQ1OGZiMmQ0ZDBmYjY4Yupfkv6nEDoNGYHRQhJCnETe3L5FIbtf6', 'rasadeghnasab@gmail.com', '0000-00-00 00:00:00', null), ('49', '53', '4', '$2y$10$OTQ1OGZiMmQ0ZDBmYjY4Yupfkv6nEDoNGYHRQhJCnETe3L5FIbtf6', 'rasadeghnasab@gmail.com', '0000-00-00 00:00:00', null), ('50', '54', '654', '$2y$10$OTQ1OGZiMmQ0ZDBmYjY4Yupfkv6nEDoNGYHRQhJCnETe3L5FIbtf6', 'rasadeghnasab@gmail.com', '0000-00-00 00:00:00', null), ('51', '55', '654', '$2y$10$OTQ1OGZiMmQ0ZDBmYjY4Yupfkv6nEDoNGYHRQhJCnETe3L5FIbtf6', 'rasadeghnasab@gmail.com', '0000-00-00 00:00:00', null), ('52', '56', 'sadeghi', '$2y$10$OTQ1OGZiMmQ0ZDBmYjY4Yupfkv6nEDoNGYHRQhJCnETe3L5FIbtf6', 'rasadeghnasab@gmail.com', '0000-00-00 00:00:00', null), ('53', '57', 'sadeghi', '$2y$10$OTQ1OGZiMmQ0ZDBmYjY4Yupfkv6nEDoNGYHRQhJCnETe3L5FIbtf6', 'rasadeghnasab@gmail.com', '0000-00-00 00:00:00', null), ('58', '62', '654', '$2y$10$OTQ1OGZiMmQ0ZDBmYjY4Yupfkv6nEDoNGYHRQhJCnETe3L5FIbtf6', 'rasadeghnasab@gmail.com', '0000-00-00 00:00:00', null), ('60', '64', '654', '$2y$10$OTQ1OGZiMmQ0ZDBmYjY4Yupfkv6nEDoNGYHRQhJCnETe3L5FIbtf6', 'rasadeghnasab@gmail.com', '0000-00-00 00:00:00', null), ('61', '65', 'ramin', '$2y$10$OTQ1OGZiMmQ0ZDBmYjY4Yupfkv6nEDoNGYHRQhJCnETe3L5FIbtf6', 'rasadeghnasab@gmail.com', '0000-00-00 00:00:00', null), ('62', '66', 'raminUnique', '$2y$10$OTQ1OGZiMmQ0ZDBmYjY4Yupfkv6nEDoNGYHRQhJCnETe3L5FIbtf6', 'rasadeghnasabaaa@gmail.com', '0000-00-00 00:00:00', null), ('63', '67', 'raminEmail', '$2y$10$OTQ1OGZiMmQ0ZDBmYjY4Yupfkv6nEDoNGYHRQhJCnETe3L5FIbtf6', 'rasadeghnasabsss@gmail.com', '0000-00-00 00:00:00', null), ('64', '68', 'rmAmin', '$2y$10$OTQ1OGZiMmQ0ZDBmYjY4Yupfkv6nEDoNGYHRQhJCnETe3L5FIbtf6', 'rasssss@yahoo.com', '0000-00-00 00:00:00', null), ('66', '117', 'raetoo', '$2y$10$ZWU1MDZmNGY2NTQ0MzliZesQfolG4QJiESun3U9Ln2GK7rD3xNfge', 'rsadeghigmailcom', '0000-00-00 00:00:00', null), ('67', '118', 'ali_ali', '$2y$10$NmVlY2Q2MzkzMzRiZGRkZ.2.sVg.vG9HrjCr/VkapnaudrO43.w7a', 'aligmail.com', '0000-00-00 00:00:00', null), ('71', '122', 'aram_aram', '$2y$10$MjFmZGMzY2MzNzcwYjEwMuJSHROS.H3kSiZ/QascwK.7t2CtWJSSm', 'aramyahoo.com', '0000-00-00 00:00:00', null), ('72', '123', 'new_sh', '$2y$10$M2U4MTBkYWY4ZDIyYTViMuXNwJT3XZactls5ZNYi9lFm.jYLc5DfO', 'sh_newyahoo.com', '0000-00-00 00:00:00', null), ('73', '124', 'sabtenam_shode_ramin', '$2y$10$NGYzNzZlNGY4NTIwMzU3NOy8mfzEAwkW5g4G0Zb2usTn3pJwsMHUq', 'new_sh_raminyahoo.com', '0000-00-00 00:00:00', null), ('74', '125', 'farshad_ghf', '$2y$10$MzQ1ODcxMTVhNWMzZDhjZezsq79OaOyFU.p4i9pJuRoTfaIQjseiC', 'farshadgmail.com', '0000-00-00 00:00:00', null), ('75', '126', 'mitra_gh', '$2y$10$MTliYmRiMWRjZTA2ZGY3Z.i74JYOMyye57OFHnuLtSAcU8ML1FKCS', 'mitragmail.com', '0000-00-00 00:00:00', null), ('76', '127', 'sh_far_ghf', '$2y$10$OTVmODM3NTIzMmE3ZWNhMuMweo0QXNC6Prrpe47SidEYXj.BvAcUO', 'raasadeghnasabgmail.com', '0000-00-00 00:00:00', null), ('81', '132', 'belt_default', '$2y$10$NjFlYzdlZTQ0MWU1YTRmMuIZw3b8dCCfNanTvggaihk8xgIWcqBiq', 'belt@email.com', '0000-00-00 00:00:00', null), ('82', '133', 'ghol_abed', '$2y$10$M2JjYWY0NmZhZjYxMTIwO.lGDnK4NiFtzRMLmsL8FF5ElLAMgDitm', 'gholyahoo.com', '0000-00-00 00:00:00', null), ('84', '135', 's5dasd', '$2y$10$MGI3ZDM3Yjk3Y2NmOWU4Zegp82CLuci0UU69Sakc8lnWZmZ0LFf6a', 'rayahoo.com', '0000-00-00 00:00:00', null), ('85', '136', 'asdasdad', '$2y$10$OTQzMmZlODlhZTcyOWQyNOSgJls.NHL7Ky6T1yBpq99EdkIDV/jGO', 'rfyahoo.com', '0000-00-00 00:00:00', null), ('86', '137', 'ali_por_mnsh', '$2y$10$NjM2YWNhOGZlMGZlOTc4M.J28T/TXG6nC7V.EOnQ0DvcNAgqg3y76', 'racyahoo.com', '0000-00-00 00:00:00', null), ('87', '85', 'hamide', '$2y$10$OTQ1OGZiMmQ0ZDBmYjY4Yupfkv6nEDoNGYHRQhJCnETe3L5FIbtf6', 'hamide@gmail.com', '0000-00-00 00:00:00', null), ('89', '139', 'new_st', '$2y$10$YTIxOTI5ZmIwMGNhNzBlM.efQ4QPmlw8lBJh4ZVzpdsmdx.ND49hC', 'new_st_ghfgmail.com', '0000-00-00 00:00:00', null), ('95', '145', 'new_st_1', '$2y$10$NjgxODY1YTg4NjMyZDY4O.wFriMDn4TJurvT0F9GnnC5tYCWYegvG', 'new_st_1gmail.com', '0000-00-00 00:00:00', null), ('96', '146', 'new_st_2', '$2y$10$NDMxYmI3YWVjN2E2NWI5OOf3c1JGw03p/u4gJbmo6dayRjq2jnQn6', 'new_st_2gmail.com', '0000-00-00 00:00:00', null), ('97', '147', 'new_st_3', '$2y$10$OTFmZGNkMDhiODUzM2I2MuXrdLe1GpUeyh043pBq6gRp.MoY.8URW', 'new_st_3gmail.com', '0000-00-00 00:00:00', null), ('100', '150', 'new_st_4', '$2y$10$YjRhMTY5YWQ0MjVkZjdlYOimDsbASjXakNrYrYY7XFZf56V.TIPUm', 'new_st_4gmail.com', '0000-00-00 00:00:00', null), ('101', '151', 'new_st_khf_5', '$2y$10$MDZiNjNiMDJjZGVjM2I2Z.Q0G818SfkJOxQZYRob4VMcaT5nKyevi', 'new_st_5gmail.com', '0000-00-00 00:00:00', null), ('102', '152', 'nazhand_hapkido', '$2y$10$NjUxNTJhYWY2OTU1ZGRmZegz23.h0QMXencdXOs2QPl26A9GaNRG6', 'prohapkidoyahoo.com', '0000-00-00 00:00:00', '2015-05-29 20:46:48'), ('103', '153', 'keyhani', '$2y$10$MWQ3MTA2NzI5YmNlZDk1YOHRSvT8pWQoSnVKIhI32UzopdFFj4q46', 'fa_keyhanigmail.com', '0000-00-00 00:00:00', null), ('104', '154', 'azadi_talab', '$2y$10$ZGM2NmM0OGFlNTZjNmQ3O.A7px76bodx/jXHFpuEVaXpyOds8EgEe', 'azadi_talabgmail.com', '0000-00-00 00:00:00', null), ('105', '155', 'mehrab_hajatpoor', '$2y$10$MjkzZjcyMTI4YWQwNDBjOO7fhtLZto/XPNPLzXkwES4IczNMBRNr.', 'mehrab_hajatpoorgmail.com', '0000-00-00 00:00:00', null), ('106', '156', 'mostafa_kargar', '$2y$10$ZmVlYzNjMDU5ZTE1ZjdmN.Ev5byaxT3lgaSWsq8UE9.xR.Mleqs5K', 'mostafa_kargargmail.com', '0000-00-00 00:00:00', null), ('107', '157', 'zahra_akbari', '$2y$10$Y2IzNDU5NTUxMjZlMDM5MO/OSL7clhe96ph/glPiQeZ//JTZHp3cu', 'zahra_akbarigmail.com', '0000-00-00 00:00:00', null), ('109', '159', 'hadi_zade', '$2y$10$ZDQ5YTYyZDYzMzlmMWJjM.px5bmnAD9zImUH17QPO7DfVHhQFH1xe', 'hadi_zadegmail.com', '0000-00-00 00:00:00', null), ('110', '160', 'yahia_saleh_zade', '$2y$10$MGQzZjAzNGEyMWIwMjU5M.uAKTbSMTeeeTzPE/pUq2v6EhntCiLRW', 'yahia_saleh_zadegmail.com', '0000-00-00 00:00:00', null), ('112', '189', 'mehdiahmadvand', '$2y$10$ZGE2YzFlZTE5NDVjZTMxMer9MVGBYlYwS0mEJX1oRISLSYBzE6NB.', 'mehdiahmadvandyahoo.com', '0000-00-00 00:00:00', null), ('113', '190', 'mehdiahmadvand', '$2y$10$ZGE2YzFlZTE5NDVjZTMxMer9MVGBYlYwS0mEJX1oRISLSYBzE6NB.', 'mehdiahmadvandyahoo.com', '0000-00-00 00:00:00', null), ('114', '191', 'mehdiahmadvand', '$2y$10$ZGE2YzFlZTE5NDVjZTMxMer9MVGBYlYwS0mEJX1oRISLSYBzE6NB.', 'mehdiahmadvandyahoo.com', '0000-00-00 00:00:00', null), ('115', '192', 'ali_moradi', '$2y$10$YjEwMzg4NjUzMGI3OWY0N.1XkRnrBWbcnH0N0kJ6K2v.FcgbCUP8q', 'moradigmail.com', '0000-00-00 00:00:00', null), ('116', '193', 'mostafakargar', '$2y$10$ZThjZTg0OTBkYmFiMmQyZOzRDyaHg/Ur20tbgEBOyZtsyFtZja52.', 'mostafa_ssgmail.com', '0000-00-00 00:00:00', null);
COMMIT;

-- ----------------------------
-- Table structure for user_permission
-- ----------------------------
DROP TABLE IF EXISTS `user_permission`;
CREATE TABLE `user_permission` (
`user_per_id`  int(11) NOT NULL AUTO_INCREMENT ,
`user_id`  int(11) NOT NULL ,
`role_id`  int(10) NOT NULL ,
`allow`  tinyint(1) NOT NULL DEFAULT 1 ,
PRIMARY KEY (`user_per_id`)
)
ENGINE=InnoDB
DEFAULT CHARACTER SET=utf8 COLLATE=utf8_persian_ci
AUTO_INCREMENT=1

;

-- ----------------------------
-- Records of user_permission
-- ----------------------------
BEGIN;
COMMIT;

-- ----------------------------
-- Table structure for userpic
-- ----------------------------
DROP TABLE IF EXISTS `userpic`;
CREATE TABLE `userpic` (
`userID`  int(11) NOT NULL ,
`picurl`  varchar(50) CHARACTER SET utf8 COLLATE utf8_persian_ci NOT NULL ,
`created`  datetime NOT NULL ,
`updated`  timestamp NULL DEFAULT NULL ON UPDATE CURRENT_TIMESTAMP ,
PRIMARY KEY (`userID`),
INDEX `picUrl` (`picurl`) USING BTREE 
)
ENGINE=InnoDB
DEFAULT CHARACTER SET=utf8 COLLATE=utf8_persian_ci

;

-- ----------------------------
-- Records of userpic
-- ----------------------------
BEGIN;
INSERT INTO `userpic` VALUES ('70', '1418401802_70.jpg', '2014-11-21 18:50:50', '2014-12-12 16:30:02'), ('76', '1432757379_76.jpg', '2014-11-24 12:11:35', '2015-05-28 00:39:39'), ('86', '1431731953_86.jpg', '2014-11-26 16:12:03', '2015-05-16 03:49:13'), ('89', '1417960928_89.jpg', '2014-12-07 17:32:09', null), ('122', '1416587291_122.jpg', '2014-11-21 19:58:11', null), ('123', '1416694469_990.jpg', '2014-11-23 01:44:29', null), ('124', '1416900607_621.jpg', '2014-11-25 11:00:07', null), ('125', '1417021725_794.jpg', '2014-11-26 20:38:45', null), ('126', '1417078415_513.jpg', '2014-11-27 12:23:35', null), ('133', '1418766893_984.jpg', '2014-12-17 01:24:53', null), ('145', '1432503646_833.jpg', '2015-05-25 02:10:46', null), ('146', '1432503782_529.jpg', '2015-05-25 02:13:02', null), ('147', '1432504166_809.jpg', '2015-05-25 02:19:26', null), ('150', '1432504333_856.jpg', '2015-05-25 02:22:13', null), ('151', '1432505465_707.jpg', '2015-05-25 02:41:05', null), ('152', '1433016486_152.jpg', '2015-05-27 17:47:04', '2015-05-31 00:38:06'), ('154', '1432761600_830.jpg', '0000-00-00 00:00:00', null), ('155', '1432762072_721.jpg', '0000-00-00 00:00:00', null), ('156', '1432762364_522.jpg', '0000-00-00 00:00:00', null), ('157', '1432762816_523.jpg', '0000-00-00 00:00:00', null), ('159', '1432764375_740.jpg', '0000-00-00 00:00:00', null), ('160', '1432834885_756.jpg', '2015-05-16 03:49:13', '2015-05-29 22:15:15');
COMMIT;

-- ----------------------------
-- Auto increment value for address
-- ----------------------------
ALTER TABLE `address` AUTO_INCREMENT=76;

-- ----------------------------
-- Auto increment value for award
-- ----------------------------
ALTER TABLE `award` AUTO_INCREMENT=39;

-- ----------------------------
-- Auto increment value for belt
-- ----------------------------
ALTER TABLE `belt` AUTO_INCREMENT=24;

-- ----------------------------
-- Auto increment value for category
-- ----------------------------
ALTER TABLE `category` AUTO_INCREMENT=10;

-- ----------------------------
-- Auto increment value for class_day_time
-- ----------------------------
ALTER TABLE `class_day_time` AUTO_INCREMENT=147;

-- ----------------------------
-- Auto increment value for comment
-- ----------------------------
ALTER TABLE `comment` AUTO_INCREMENT=70;

-- ----------------------------
-- Auto increment value for degree
-- ----------------------------
ALTER TABLE `degree` AUTO_INCREMENT=28;

-- ----------------------------
-- Auto increment value for event
-- ----------------------------
ALTER TABLE `event` AUTO_INCREMENT=88;

-- ----------------------------
-- Auto increment value for event_card
-- ----------------------------
ALTER TABLE `event_card` AUTO_INCREMENT=34;

-- ----------------------------
-- Auto increment value for event_job
-- ----------------------------
ALTER TABLE `event_job` AUTO_INCREMENT=13;

-- ----------------------------
-- Auto increment value for evt_register
-- ----------------------------
ALTER TABLE `evt_register` AUTO_INCREMENT=33;

-- ----------------------------
-- Auto increment value for evt_type
-- ----------------------------
ALTER TABLE `evt_type` AUTO_INCREMENT=114;

-- ----------------------------
-- Auto increment value for evtallowsports
-- ----------------------------
ALTER TABLE `evtallowsports` AUTO_INCREMENT=51;

-- ----------------------------
-- Auto increment value for evtrequirement
-- ----------------------------
ALTER TABLE `evtrequirement` AUTO_INCREMENT=43;

-- ----------------------------
-- Auto increment value for follow
-- ----------------------------
ALTER TABLE `follow` AUTO_INCREMENT=81;

-- ----------------------------
-- Auto increment value for group_permission
-- ----------------------------
ALTER TABLE `group_permission` AUTO_INCREMENT=42;

-- ----------------------------
-- Auto increment value for gym
-- ----------------------------
ALTER TABLE `gym` AUTO_INCREMENT=95;

-- ----------------------------
-- Auto increment value for image
-- ----------------------------
ALTER TABLE `image` AUTO_INCREMENT=114;

-- ----------------------------
-- Auto increment value for infotable
-- ----------------------------
ALTER TABLE `infotable` AUTO_INCREMENT=168;

-- ----------------------------
-- Auto increment value for job
-- ----------------------------
ALTER TABLE `job` AUTO_INCREMENT=7;

-- ----------------------------
-- Auto increment value for like
-- ----------------------------
ALTER TABLE `like` AUTO_INCREMENT=49;

-- ----------------------------
-- Auto increment value for match_level
-- ----------------------------
ALTER TABLE `match_level` AUTO_INCREMENT=1;

-- ----------------------------
-- Auto increment value for match_weight
-- ----------------------------
ALTER TABLE `match_weight` AUTO_INCREMENT=63;

-- ----------------------------
-- Auto increment value for matches_data
-- ----------------------------
ALTER TABLE `matches_data` AUTO_INCREMENT=75;

-- ----------------------------
-- Auto increment value for matches_group
-- ----------------------------
ALTER TABLE `matches_group` AUTO_INCREMENT=29;

-- ----------------------------
-- Auto increment value for news
-- ----------------------------
ALTER TABLE `news` AUTO_INCREMENT=11;

-- ----------------------------
-- Auto increment value for notification
-- ----------------------------
ALTER TABLE `notification` AUTO_INCREMENT=6;

-- ----------------------------
-- Auto increment value for notification_type
-- ----------------------------
ALTER TABLE `notification_type` AUTO_INCREMENT=2;

-- ----------------------------
-- Auto increment value for place
-- ----------------------------
ALTER TABLE `place` AUTO_INCREMENT=63;

-- ----------------------------
-- Auto increment value for post
-- ----------------------------
ALTER TABLE `post` AUTO_INCREMENT=263;

-- ----------------------------
-- Auto increment value for role
-- ----------------------------
ALTER TABLE `role` AUTO_INCREMENT=25;

-- ----------------------------
-- Auto increment value for sport
-- ----------------------------
ALTER TABLE `sport` AUTO_INCREMENT=7;

-- ----------------------------
-- Auto increment value for state
-- ----------------------------
ALTER TABLE `state` AUTO_INCREMENT=17;

-- ----------------------------
-- Auto increment value for subbranch
-- ----------------------------
ALTER TABLE `subbranch` AUTO_INCREMENT=3;

-- ----------------------------
-- Auto increment value for tag
-- ----------------------------
ALTER TABLE `tag` AUTO_INCREMENT=144;

-- ----------------------------
-- Auto increment value for teacher_class
-- ----------------------------
ALTER TABLE `teacher_class` AUTO_INCREMENT=94;

-- ----------------------------
-- Auto increment value for teacherspics
-- ----------------------------
ALTER TABLE `teacherspics` AUTO_INCREMENT=168;

-- ----------------------------
-- Auto increment value for user
-- ----------------------------
ALTER TABLE `user` AUTO_INCREMENT=194;

-- ----------------------------
-- Auto increment value for user_pass
-- ----------------------------
ALTER TABLE `user_pass` AUTO_INCREMENT=117;

-- ----------------------------
-- Auto increment value for user_permission
-- ----------------------------
ALTER TABLE `user_permission` AUTO_INCREMENT=1;
